Id,Name,Country,Geohash,TotalOrders,Address.Street,Address.ZIPCode,Address.Town,@metadata.@collection
customer/c-01,Musicians Origins,AT,u26s9nq9k1f0,1,Böcksteinerweg,8732,Seckau,Customer
customer/c-02,Output Engine,DE,u1mq30qp87hf,1,Rosenstraße,26810,Steenfelde,Customer
customer/c-03,Coast Goodwill,DE,u0v38v1kxvqf,1,K 17,66871,Etschberg,Customer
customer/c-04,Lucky Monroe,DE,u347ypvzg302,1,Am Baruther Berg,02906,Neudorf,Customer
customer/c-05,Gusto Branch,DE,u0trwp01dtvy,1,Amselstraße,66969,Lemberg,Customer
customer/c-06,Quest Trademark,FR,u072udmnmtrg,1,Chemin du Pont Canard,71700,La Chapelle-sous-Brancion,Customer
customer/c-07,Basic Deem,FR,u0e1jmx9tvcf,1,Val freu,10250,Courteron,Customer
customer/c-08,Vacation Loom,SI,u24pszx4t0c1,1,Begunjska cesta,4290,Bressiach,Customer
customer/c-09,Silk Presence,AT,u2dh1v2rs6dt,1,Schloßstraße,4184,Helfenberg,Customer
customer/c-10,Giddy Madame,PL,u37d7wuunnu6,1,Parkowa,64-550,Niewierz,Customer
customer/c-11,Cats Vacation,FR,u0etxhermjn1,1,Chemin rural de Val-Seigneur,55000,Naives-Rosières,Customer
customer/c-12,Genuine Express,FR,u0es3bzkh8gd,1,D 213,52410,Bienville,Customer
customer/c-13,Aaa Prowl,SK,u2sf33y787wd,1,Močenská,951 17,Cabaj-Čápor,Customer
customer/c-14,Allay un,DE,u334zk1d7c8f,1,K 6304,14641,Wustermark,Customer
customer/c-15,Manual Slide,DE,u1pnj3tf5c84,1,Brandisbreite,37191,Katlenburg,Customer
customer/c-16,Bold Habit,CH,u0qmkmjhc043,1,Berlig,9613,Mosnang,Customer
customer/c-17,Ample Habit,HR,u25mg3f7zgh5,1,D14,49221,Špičkovina,Customer
customer/c-18,Delightful Engine,CZ,u2czge6te6y6,1,25328,417 61,Ratsch,Customer
customer/c-19,Sarah Diana,DE,u0vjy3evhq7w,1,Elztalstraße,56753,Pillig,Customer
customer/c-20,Goodwill Cooperative,NL,u1k68mg3cr5n,1,Rijksweg N50,8276 BC,Zalk,Customer
customer/c-21,Vanity Calm,DE,u1mv7d1s4nw7,1,Krumlander Straße,26197,Döhlen,Customer
customer/c-22,Steep Fountain,CH,u0m52rbmrr0g,1,Bernstrasse,3238,Gals,Customer
customer/c-23,Spices Parlor,FR,u0fpq4yw4cqz,1,Rue du Général de Gaulle,59551,Tourmignies,Customer
customer/c-24,Particle Trestle,DE,u1qsdeq2b0y5,1,3. Bruchweg,27313,Stedorf,Customer
customer/c-25,Act philosophy,AT,u27t2fdeeg8v,1,Augasse,7432,Oberschützen,Customer
customer/c-26,Fixed Calm,DE,u1p0gge1uzks,1,K 103,36414,Unterbreizbach,Customer
customer/c-27,Imprint BAIT,DE,u31s8hv5rs3f,1,Riesaer Straße,04924,Kröbeln,Customer
customer/c-28,Emilie Hughes,DE,u0vhqygcqf8e,1,L 197,56858,Kappel,Customer
customer/c-29,Habit High,AT,u2ek3rec7qtg,1,L1215,3714,Niederschleinz,Customer
customer/c-30,Mission Curves,DE,u0zdzqsvcvex,1,ERH 16,91315,Bösenbechhofen,Customer
customer/c-31,Mad Slap,DE,u32xwsq31qeu,1,Plauer Straße,19395,Ganzlin,Customer
customer/c-32,Jones Experiment,HR,u25rrp6re5np,1,25037,42207,Pešćenica Vinička,Customer
customer/c-33,Philosophy Roots,DE,u0vm52fsfhtd,1,Hunsrückhöhenstraße,56291,Bickenbach,Customer
customer/c-34,Parade Uncut,NL,u1knptbxztut,1,Geau,9216 XJ,Oudega,Customer
customer/c-35,Monograph Loom,CZ,u2cebmq828vd,1,MK Brejchalka,331 01,Ribnitz,Customer
customer/c-36,Acts Loveliness,BE,u153mh5wdtxx,1,Ganzendries,3212,Pellenberg,Customer
customer/c-37,Lark Fork,DE,u36ppq2wt54d,1,Tantower Weg,16307,Mescherin,Customer
customer/c-38,Act Chapter,FR,u0dq06x1pc57,1,D 204,77750,Doue,Customer
customer/c-39,Directly Slap,DE,u1pd4qhqb2c4,1,Straße der Einheit,99869,Hochheim,Customer
customer/c-40,Streak Clever,IT,u226rzhs88x2,1,Josef-Riehl-Straße,39030,Gais,Customer
customer/c-41,Fresh Streak,NL,u1h73g3c920g,1,Beekstraat,6071 HV,Schwalmen,Customer
customer/c-42,Stuffed Monument,NL,u1k0dz4e58mj,1,Houtvester van 't Hoffweg,3775 KB,Kootwijk,Customer
customer/c-43,Amazing Page,BE,u0u423md53sb,1,Rue du Bois,6747,Zillig,Customer
customer/c-44,Base Kazan,DE,u1m4nxb2561c,1,L 40,48488,Emsbüren,Customer
customer/c-45,Palace CEASE,DE,u0xtcptd3kc5,1,St 2213,86738,Deiningen,Customer
customer/c-46,Lifted dress,DE,u1ndueguvy47,1,Im Hengelingen,34560,Cappel,Customer
customer/c-47,Diana Space,DE,u1rd9fv6fj6z,1,Allerstraße,38524,Dannenbüttel,Customer
customer/c-48,Fichu Galley,CZ,u2f09n2hu8hk,1,1219,398 31,Zlivice,Customer
customer/c-49,Whirlwind Trestle,CZ,u2ghnmfp7030,1,17,538 01,Bylany,Customer
customer/c-50,Scoop spices,CH,u0qqgj9c1vvf,1,Liebenfelsstrasse,8506,Lanzenneunforn,Customer
customer/c-51,Kazan Litter,AT,u23revv11pms,1,Wiestal Landesstraße,5421,Adnet,Customer
customer/c-52,Life Receiver,FR,u0tqdcqfkf5m,1,Forststraße Schwarzenberg,57230,Bärental,Customer
customer/c-53,Coach Copyright,FR,u0e3z4yzcm3q,1,D 102,52330,Vaudrémont,Customer
customer/c-54,Faith Organizer,DE,u1r3u2up5wwn,1,Am Dorfplatz,38176,Harvesse,Customer
customer/c-55,Task Her,CH,u0m56zc10gpq,1,Treitenstrasse,3237,Brüttelen,Customer
customer/c-56,Toss Rain,PL,u351nn2f3g18,1,Witosza,58-500,Staniszów,Customer
customer/c-57,District West,DE,u29knuh3m71s,1,PA 90,94081,Rehschaln,Customer
customer/c-58,Access Shift,BE,u0grpq8y3utq,1,Chaussée de Louvain,5004,Bouge,Customer
customer/c-59,Bolt Paint,DE,u1j3q16jpxmx,1,Ringweg,51545,Schnörringen,Customer
customer/c-60,School Gusto,CZ,u2u2261f8fxv,1,428,768 33,Počenice-Tetětice,Customer
customer/c-61,Empower Standard,FR,u0eq51e2jhky,1,D 61,51330,Vanault-le-Châtel,Customer
customer/c-62,Park FINE,FR,u0g8xj4472mh,1,D 964,55110,Vilosnes-Haraumont,Customer
customer/c-63,Amber MELT,FR,u0sy91zz94vg,1,Rue des Fermes,57660,Großtänchen,Customer
customer/c-64,Forge Garcon,FR,u0kehxzht9gd,1,Route des Épaisses,25790,Les Gras,Customer
customer/c-65,Century CREAM,AT,u2dfqrk9jq2r,1,L5356,3392,Gerolding,Customer
customer/c-66,Shell Central,DE,u0ubvgq02kj6,1,Großwaldstraße,66265,Heusweiler,Customer
customer/c-67,Theory Loveliness,DE,u0uxhvc2rcq5,1,L 22,53925,Krekel,Customer
customer/c-68,Elephant un,DE,u399zjqgx9wq,1,K 54,17398,Sarnow,Customer
customer/c-69,Civic Genuine,DE,u0vzkfk9nbqu,1,K 418,35792,Drommershausen,Customer
customer/c-70,Cease SET,FR,u0fku3rn1w8t,1,D 118,59127,Walincourt-Selvigny,Customer
customer/c-71,Festivities Origins,FR,u0d6epht822u,1,Route de Pont sur Yonne,89260,La Chapelle-sur-Oreuse,Customer
customer/c-72,Familiar Mast,FR,u0fg63rfgzpd,1,Rue de Sous le Bois,02140,Harcigny,Customer
customer/c-73,Pocket Parade,DE,u2b4j3rkd4cx,1,Zum Wallstein,91247,Artelshofen,Customer
customer/c-74,Acts raw,FR,u0s1rye0bmyc,1,Lotissement Aux Gorges,88410,Bleurville,Customer
customer/c-75,Jeff FRAME,IT,u222zv3vyuxu,1,Corjel,39030,St. Kassian,Customer
customer/c-76,Cooper Experiment,BE,u0upvwswkw6h,1,Rue Clisore,4821,Andrimont,Customer
customer/c-77,Transcend Study,CH,u0m1qcq2zgf6,1,Stieregrat,3766,Boltigen,Customer
customer/c-78,Bridge TRES,DE,u1me98dg9zuv,1,Orgelstraße,49637,Menslage,Customer
customer/c-79,Phantom Loop,HU,u2hw2vyx46p3,1,6623,7535,Lott,Customer
customer/c-80,Brigade Tested,DE,u1q9u3gdymw8,1,Bürgermeister-Bellersen-Straße,31542,Riepen,Customer
customer/c-81,Ghosts Anatomy,DE,u1mvdyyprxuv,1,Westerburger Weg,26203,Astrup,Customer
customer/c-82,Mix Marsh,NL,u1kvg4g7cgpe,1,Menweg,9659 PA,Eexterveenschekanaal,Customer
customer/c-83,Dip Bare,PL,u3h8tcf6usr4,1,Leśna,49-120,Niewodnik,Customer
customer/c-84,Monica Genuine,DE,u1p8thnxsg8k,1,Lütschegrund,99330,Frankenhain,Customer
customer/c-85,Matter Gateway,CH,u0m03ufx49qj,1,Route des Chenolettes,1660,Les Moulins,Customer
customer/c-86,Trestle Fresh,AT,u2ecngf2d05y,1,B10,7111,Parndorf,Customer
customer/c-87,Cease VOILA,NL,u15ezssz7uby,1,Witrijt,5571 XH,Bergeijk,Customer
customer/c-88,Hive Tonic,NL,u1hhx3meg1c0,1,Zwarte Plakweg,5966 RJ,America,Customer
customer/c-89,Grand operation,CZ,u2u4yqmjymyd,1,446,783 96,Pňovice,Customer
customer/c-90,Fillmore Interact,AT,u239bndnsgns,1,268,9753,Fellbach,Customer
customer/c-91,Breathe Paint,CZ,u2frvdr6rzhx,1,0381,471 63,Thammühl,Customer
customer/c-92,Wing Junior,DE,u31c8gmpfshp,1,Ziegeninsel,01768,Hirschbach,Customer
customer/c-93,Praiseworthy Reside,CH,u0q17enycjdb,1,Oberalpstrasse,6490,Andermatt,Customer
customer/c-94,Jeff Directly,DE,u3961prhry8e,1,L 27,17111,Beggerow,Customer
customer/c-95,Magnetic Entrance,DE,u32ph830h43x,1,Ludwigsluster Straße,19294,Eldena,Customer
customer/c-96,Deem BLOW,DE,u1n73r9xx267,1,Baumhof,34497,Ober-Ense,Customer
customer/c-97,Groom Culture,AT,u26598bsevd3,1,Auen,9363,Metnitz,Customer
customer/c-98,Wonderful Tempest,DE,u0xj11rd2wz5,1,Roggentalstraße,89558,Treffelhausen,Customer
customer/c-99,Habit TINT,CH,u0qdnnu91x28,1,Polenweg Chur-Thusis,7405,Ravetg,Customer
customer/c-100,Carbon Envoy,DE,u1jn7d2x8hj0,1,Zum Ikenkamp,45721,Hamm-Bossendorf,Customer
customer/c-101,Cooperative Branch,FR,u0g28zq8zxjk,1,Chemin des Ormes,08400,Semide,Customer
customer/c-102,Corks SEE,AT,u2efmdepvw63,1,Wiener Straße,2291,Lassee,Customer
customer/c-103,Starters Skeleton,FR,u04rq088q9wv,1,N 209,03150,Créchy,Customer
customer/c-104,Apt Alfred,DE,u325982mrucq,1,L 21,39624,Faulenhorst,Customer
customer/c-105,Alma Method,CZ,u2gsn1yks4j5,1,Kojovec,561 17,Langentriebe,Customer
customer/c-106,Buoyant Toaster,DE,u1wbbf4pkquk,1,Hinterdeich,21723,Hollern-Twielenfleth,Customer
customer/c-107,Plow DESIGN,CZ,u2c0xm2f8d20,1,184,345 07,Neumark,Customer
customer/c-108,Balance Experiment,DE,u0xztd54zbq7,1,Steinreisachweg,91180,Seiboldsmühle,Customer
customer/c-109,Slack Tonight,DE,u0vgqjffw5bh,1,B 9,55278,Dienheim,Customer
customer/c-110,Method Oasis,AT,u2em9mg6cdg8,1,L38,2081,Merkersdorf,Customer
customer/c-111,Mad Stronghold,DE,u0vsg1pre1m1,1,Rheingauer Alp,65385,Presberg,Customer
customer/c-112,Edge Rev,CH,u0mt57f6uf32,1,Bahnhofstrasse,4852,Rothrist,Customer
customer/c-113,Tonic Bolt,DE,u1rcv34epfwg,1,K 1135,39356,Klinze,Customer
customer/c-114,Kids Lucky,DE,u0w3hwkpe269,1,K 5937,88637,Buchheim,Customer
customer/c-115,Rye TUNE,DE,u1jnces914hq,1,Grenzmark,48734,Maria Veen,Customer
customer/c-116,House Acts,CH,u0m0zff1k94r,1,Farbgasse,3770,Blankenburg,Customer
customer/c-117,Jeff MAD,DE,u0xu7n3n8bnk,1,AIC 27,86554,Kühnhausen,Customer
customer/c-118,Marmalade Eden,FR,u0g4czvdg7n6,1,D 978,08290,Les Hénaux,Customer
customer/c-119,Combine Minerals,DE,u0t2zjr700tp,1,Oberes Metzgerle,79112,Munzingen,Customer
customer/c-120,Lodges AAA,BE,u1h21hg6gsk1,1,Bourletgasse,4701,Kettenis,Customer
customer/c-121,Cherish Secrets,CZ,u2c6bu0hdfbm,1,20313,349 62,Lhota u Stříbra,Customer
customer/c-122,Paint Teeth,CZ,u2c423khecw4,1,19857,345 26,Zemschen,Customer
customer/c-123,Polish BRIDGE,DE,u28k859pv4dx,1,Hofmarkstraße,85283,Starzhausen,Customer
customer/c-124,Solutions Monument,HU,u2k7pdzexbpz,1,77,8296,Monostorapáti,Customer
customer/c-125,Segment Revolver,DE,u0yst9szhmyn,1,St 2317,63869,Heigenbrücken,Customer
customer/c-126,Tender TINT,DE,u23p9cp9zj69,1,Alpensteig/ Plattlingsteig,83458,Weißbach an der Alpenstraße,Customer
customer/c-127,Paragraph Buoyant,FR,u04zcz6b9dfr,1,Chemin des Pourchoux,03130,Saint-Léger-sur-Vouzance,Customer
customer/c-128,Bolt Silk,DE,u32cqe5ntwtv,1,Am Bauernfeld,14778,Golzow,Customer
customer/c-129,Rev Jaunty,DE,u1rv17b3rppd,1,Zum Wiesengrund,29459,Bösen,Customer
customer/c-130,Marmalade REV,FR,u0s2ndr6txkf,1,D 28,70800,Francalmont,Customer
customer/c-131,City Monument,HU,u2k1t14zq3b2,1,7526,8765,Egeraracsa,Customer
customer/c-132,Mirror Face,DE,u1nxbm9yn417,1,Saalbergweg,32683,Sonneborn,Customer
customer/c-133,See Adjust,FR,u0e22ygc8x6m,1,D 965,21400,Massingy,Customer
customer/c-134,Hughes Service,HU,u2ktd1kknzyv,1,83119,8557,Sankt Iwan,Customer
customer/c-135,Inspire Criminal,DE,u2bkeruqr9r7,1,Wülfersreuth,95493,Wülfersreuth,Customer
customer/c-136,Litter Landau,CZ,u2cfyq783feu,1,1185,262 22,Bratkovice,Customer
customer/c-137,Phantom Rapid,CH,u0nqsdgdyw19,1,In Cumlina,6528,Camorino,Customer
customer/c-138,Elephant Remind,FR,u04vg85c00tg,1,Route de Villemontais,42155,Villerest,Customer
customer/c-139,Gamut Wasteland,AT,u27wv581nx2c,1,Burgenland Schnellstraße,7332,Oberpetersdorf,Customer
customer/c-140,Family Panoply,FR,u07rx80brt5u,1,D 102J,21290,Bure-les-Templiers,Customer
customer/c-141,Journeys Spire,DE,u318fd1c8w4e,1,Quarkstraße,09623,Dorfchemnitz,Customer
customer/c-142,Soul Sauce,DE,u31eqcuqzfu7,1,S 177,01468,Moritzburg,Customer
customer/c-143,Spire SALT,DE,u1qeze62ghd4,1,Rethemer Weg,31637,Neudorf,Customer
customer/c-144,Apartment Familiar,DE,u1t38szu7y4x,1,Ost-Kap-Abgang,26579,Baltrum,Customer
customer/c-145,Forward Cooper,DE,u2bmm8r6zny3,1,HO 18,95234,Reinersreuth,Customer
customer/c-146,Fig Surgery,CZ,u2u9b845eqgq,1,Hranická,751 31,Ořechy,Customer
customer/c-147,Collins Cooper,FR,u0tm6c5usjr1,1,Rue de Wilwisheim,67490,Lupstein,Customer
customer/c-148,Cats Revolution,NL,u1knu56e7cz7,1,Aldlânsdyk,9057 LG,Jelsum,Customer
customer/c-149,So philosophy,CZ,u2cer84dhqvv,1,2341,338 01,Teschkau,Customer
customer/c-150,Greetings Dwell,DE,u29p7ywhk7bh,1,Schwarzendorf,94267,Krailing,Customer
customer/c-151,Beekeeper Mingle,SK,u2se42f6vdmy,1,1279,919 26,Zavar,Customer
customer/c-152,Slap emilie,DE,u0tedbn3d9fu,1,Langwaldweg,77749,Hohberg,Customer
customer/c-153,Space Distribute,FR,u0svdvddy23z,1,D 91,57260,Germingen,Customer
customer/c-154,Blur Singular,FR,u0shzb31hbxw,1,D 121,54200,Pierre-la-Treiche,Customer
customer/c-155,Dwell Stanford,DE,u0y6n12d3wtu,1,L 3108,64760,Schöllenbach,Customer
customer/c-156,Empower Fork,DE,u3212nn6q2u6,1,L 42,39343,Altenhausen,Customer
customer/c-157,Catch DESIGN,AT,u2dvqsv7be1u,1,L8038,3812,Ellends,Customer
customer/c-158,Garcon Chariot,NL,u1kkkfxcjzxb,1,Johannes Postweg,7973 JB,Kallenkote,Customer
customer/c-159,Hart Acts,CH,u0mjcf5vs7gq,1,Combe Sous Côte Champ Françon,2942,Alle,Customer
customer/c-160,Journeys Soul,FR,u0s8efvd0du5,1,Route de la Grande Côte,88340,Le Val-d'Ajol,Customer
customer/c-161,Substantial Travelers,DE,u1rfmb138g4t,1,nördlicher Serviceweg am Mittellandkanal,39359,Calvörde,Customer
customer/c-162,Industry Picnic,CZ,u2cq9tzsmkft,1,22310,431 63,Pürstein,Customer
customer/c-163,Wags ARTifact,FR,u0g8jtgym3tc,1,D 18,55270,Malancourt,Customer
customer/c-164,Fluid Task,PL,u351e3dh4s7r,1,Gaje,58-512,Wojcieszyce,Customer
customer/c-165,Static SPiN,DE,u34sgcq92ke4,1,Daubitzer Straße,02957,Podrosche,Customer
customer/c-166,Teeth Lifted,NL,u1hnt1p4mh0j,1,De Hoef,6581 JJ,Malden,Customer
customer/c-167,Tilt Elephant,DE,u0ybus9m8jzn,1,Meßbacher Straße,74677,Meßbach,Customer
customer/c-168,Character Square,DE,u0z485m892q7,1,Kirchheimer Straße,97271,Kirchheim,Customer
customer/c-169,Earn DIP,FR,u0kr9x9hxm6x,1,D 7,70160,Amance,Customer
customer/c-170,Hall Iris,DE,u30b88t0seyf,1,Wasserwerkstraße,08427,Fraureuth,Customer
customer/c-171,Creation DIY,CH,u0r48t270ynf,1,Rüti-Promenade,7252,Klosters Dorf,Customer
customer/c-172,Rouse Relish,DE,u29tter9dtu1,1,Mitterling,94143,Kaining,Customer
customer/c-173,Golden Yelp,FR,u05p66pppdxy,1,Route de Mussy,71800,Varennes-sous-Dun,Customer
customer/c-174,Monroe Madison,FR,u04ze8v7w0jr,1,Voie Verte Iguerande - Saint-Yan,71110,Baugy,Customer
customer/c-175,Oracle EPIC,DE,u2cp57zy78uk,1,Rothen-Adler-Straße,08359,Rittersgrün,Customer
customer/c-176,Praiseworthy Curve,CZ,u2c4xn9p5xpu,1,20316,349 61,Milevo,Customer
customer/c-177,Scrap Kids,FR,u0deq6kerzdd,1,D 442,10350,Saint-Flavy,Customer
customer/c-178,Flame CANOPY,FR,u0u8dxvgxchu,1,D 60,57920,Monneren,Customer
customer/c-179,Token Clare,FR,u0tp9gg3jh7x,1,Rue de la Vallée,57200,Bliesgersweiler,Customer
customer/c-180,See Genuine,BE,u0gy70ucvtkh,1,Vivier Madame,6940,Grandhan,Customer
customer/c-181,Streak House,FR,u06vcb8vevxc,1,Route Sainte-Diétrine,89630,Saint-Germain-des-Champs,Customer
customer/c-182,Creation Spectacles,AT,u29undzwwkzg,1,L1526,4122,Liebenstein,Customer
customer/c-183,Loop Wild,DE,u1mqmdxj6yrb,1,Tannenstraße,26842,Idafehn,Customer
customer/c-184,Century GUESS,PL,u3e8mxrz8k8m,1,Dojazd pożarowy 32,78-553,Podstrzesze,Customer
customer/c-185,Rev CEASE,FR,u0hxmr09t4un,1,Chemin de Chez Marphoz à Charmay,74470,Vailly,Customer
customer/c-186,Gainfully MINE,DE,u0yc5n6e8yyd,1,Assamstadter Straße,97944,Windischbuch,Customer
customer/c-187,Organic David,NL,u14szh44gw7s,1,Westhofsezandweg,4444 SM,'s-Heer Abtskerke,Customer
customer/c-188,Empower Particle,AT,u22yr1q67my0,1,Schwendt,6393,Gemeinde St. Ulrich am Pillersee,Customer
customer/c-189,Dish philosophy,DE,u0vgbcv3wcv5,1,L 429,55291,Saulheim,Customer
customer/c-190,Streak Thrive,FR,u0f88r6d8k97,1,Boulevard des Belges,02220,Braine,Customer
customer/c-191,Alarm CULTIVATE,AT,u27wxm1dfg02,1,Güterweg Unterfrauenhaid - Weingraben,7321,Unterfrauenhaid,Customer
customer/c-192,Kids emilie,DE,u22zgyhpyyt4,1,Sonnleiten,83236,Übersee,Customer
customer/c-193,Gather Stitch,CZ,u2cuyj3nzptg,1,Kaštanová alej,273 63,Böhmisch Lhota,Customer
customer/c-194,Build Verso,NL,u1h5q3bj92wn,1,Defensieweg,6099 NB,Horn,Customer
customer/c-195,Bridge ARTifact,FR,u0epwx6pc747,1,D 19,51600,Saint-Hilaire-le-Grand,Customer
customer/c-196,Ascend School,PL,u3s4s92y90f7,1,Polna,77-220,Flötenstein,Customer
customer/c-197,Blow Carbon,SK,u2ssynebc5me,1,61,916 25,Brunovce,Customer
customer/c-198,Square Framework,NL,u1k53ttf18xe,1,Professor Brandsmaweg,8308 RS,Nagele,Customer
customer/c-199,Kfc Shipping,NL,u1hrcxwr52n5,1,Diepesteeg,6994 JA,De Steeg,Customer
customer/c-200,Apt Mix,NL,u1hn1cm5h52z,1,Schuifelenberg,5411 LL,Zeeland,Customer
customer/c-201,Homage Axis,PL,u356udjcf0ku,1,382,59-500,Laasnig,Customer
customer/c-202,Capital Surly,DE,u0vce1mc5swp,1,Weisenheimer Weg,67167,Erpolzheim,Customer
customer/c-203,Stanford operation,NL,u1kqvgefxjjn,1,Dorpsterweg,9866 TG,Lutjegast,Customer
customer/c-204,Vanity Ascend,FR,u05x0umf1r7t,1,Allée de Chesserane,01540,Perrex,Customer
customer/c-205,Hughes Trademark,AT,u0rw0w5by0z0,1,B199,6673,Haldensee,Customer
customer/c-206,Chapter Stronghold,FR,u0dz1ehs84c0,1,Rue des Colinettes,51530,Mardeuil,Customer
customer/c-207,Magazine House,DE,u0ymd07sfrx7,1,L 3008,63454,Mittelbuchen,Customer
customer/c-208,Anatomy Stronghold,DE,u34njnv97fzp,1,Annahofer Graben,03099,Klein Gaglow,Customer
customer/c-209,George Alpha,BE,u15892pj62ve,1,Rue Eugène Malevé,1350,Orp-le-Grand,Customer
customer/c-210,Ample CANOPY,HU,u2knc1u8nu5y,1,8517,9441,Agyagosszergény,Customer
customer/c-211,Skins Curve,DE,u33f4nrh7yxk,1,Werlseestraße,15537,Grünheide (Mark),Customer
customer/c-212,Ark Records,DE,u33eqq3cfwqz,1,Helenenauer Weg,16321,Börnicke,Customer
customer/c-213,Bold Rye,DE,u333u4qub0v1,1,K 6902,14532,Güterfelde,Customer
customer/c-214,Hired Vive,DE,u33g32n1tq2k,1,L 235,15345,Wegendorf,Customer
customer/c-215,Civic JAM,DE,u339uwgrm7fn,1,A 117,12526,Waltersdorf,Customer
customer/c-216,Blur Always,DE,u337zfse66pk,1,L 211,16547,Birkenwerder,Customer
customer/c-217,Hughes Experts,DE,u33fj4h5m2d1,1,Berliner Landstraße,15537,Grünheide (Mark),Customer
customer/c-218,Slate Bolt,DE,u339vfsc57sn,1,Wiesenstraße,15738,Zeuthen,Customer
customer/c-219,Raw Revolver,DE,u33f8mc0qq7z,1,Schöneicher Allee,15370,Fredersdorf-Vogelsdorf,Customer
customer/c-220,Silk Records,DE,u3379es5dtjn,1,Eichstädter Weg,14621,Schönwalde-Glien,Customer
customer/c-221,Straw Office,DE,u33f8c2m64qj,1,Vogelsdorfer Straße,15562,Rüdersdorf,Customer
customer/c-222,Reaction Super,DE,u33enq8e6ymh,1,Krummenseer Straße,16356,Blumberg,Customer
customer/c-223,Salient Madame,DE,u33fvgfh8nq8,1,K 6417,15345,Garzau,Customer
customer/c-224,Capital Shift,DE,u336dq4968f5,1,Fahrländer Weg,14624,Seeburg,Customer
customer/c-225,Allay Parlor,DE,u33fwr0p3bhe,1,Siedlung Sophienfelde,15345,Werder,Customer
customer/c-226,Revolver Mast,DE,u33ewez0958y,1,L 236,16321,Börnicke,Customer
customer/c-227,Emilie Populous,DE,u33680pvuf9p,1,Gartenstraße,14476,Fahrland,Customer
customer/c-228,Stimulant BLOW,DE,u33f375fbnpw,1,Rennsteig,15569,Woltersdorf,Customer
customer/c-229,Citizen Plow,DE,u33g28p4skpp,1,Kleinsiedlung,15345,Wegendorf,Customer
customer/c-230,Market Ark,DE,u33drxgd33d2,1,Goethestraße,15566,Schöneiche bei Berlin,Customer
customer/c-231,Sarah Slate,DE,u33eq1wuny7c,1,Straße an der Bahn,16356,Blumberg,Customer
customer/c-232,Gusto ESTABLISH,DE,u33gtj8xhnfz,1,Biesower Straße,15345,Prötzel,Customer
customer/c-233,Knox Tender,DE,u33fgbm9ngdh,1,Bullenwinkel,15345,Rehfelde,Customer
customer/c-234,Oasis Beekeeper,DE,u33ekmypw0q3,1,Bernauer Chaussee,16341,Schwanebeck,Customer
customer/c-235,Bask Studio,DE,u33ednj5dz2x,1,Bernauer Damm,16348,Schönwalde,Customer
customer/c-236,Lifted Express,DE,u336jbjnukqc,1,Resedastraße,14513,Ruhlsdorf,Customer
customer/c-237,Framework Interact,DE,u33fg3xrdepj,1,Bungalowsiedlung 1,15378,Hennickendorf,Customer
customer/c-238,West Streak,DE,u33fv2vundyh,1,Werdersche Dorfstraße,15345,Werder,Customer
customer/c-239,Cabin Hospital,DE,u33fe4gjh7pd,1,Ziegelstraße,15378,Herzfelde,Customer
customer/c-240,Grand BLOW,DE,u33gw3x4ktth,1,L 35,15345,Prötzel,Customer
customer/c-241,Stuffed Loveliness,DE,u33gmrwkr4ux,1,B 168,15345,Prötzel,Customer
customer/c-242,See Phantom,DE,u339fntntgm7,1,Dorfstraße,12529,Waßmannsdorf,Customer
customer/c-243,South Faith,DE,u33f019q1ccs,1,Seestraße,15537,Gosen,Customer
customer/c-244,Frame Rumors,DE,u33dx8yupzeq,1,Brandenburgische Straße,15566,Schöneiche bei Berlin,Customer
customer/c-245,Scout Vagabond,DE,u33794jujq9v,1,Eichstädter Weg,14621,Schönwalde-Glien,Customer
customer/c-246,City Canvas,DE,u33fvrqxgz3w,1,Hohensteiner Pflaster,15344,Hohenstein,Customer
customer/c-247,Corks School,DE,u33fj1heb7j9,1,Am Spreeufer,15537,Grünheide (Mark),Customer
customer/c-248,Distractions Enclosed,DE,u33724s6fgfw,1,Brieselanger Straße,14621,Schönwalde-Glien,Customer
customer/c-249,Un Axiom,DE,u33ftp53f9wk,1,Siedlerstraße,15345,Zinndorf,Customer
customer/c-250,Kfc Catch,DE,u339bjdrf597,1,L 76,14979,Heinersdorf,Customer
customer/c-251,Pride spices,DE,u33g32n1tq2k,1,L 235,15345,Wegendorf,Customer
customer/c-252,Owl Gap,DE,u33gm4r9s9v5,1,Prötzeler Straße,15345,Gielsdorf,Customer
customer/c-253,Savor Blur,DE,u3362ym3kjcj,1,Ketziner Straße,14476,Fahrland,Customer
customer/c-254,David Warehouse,DE,u3374rjrg04d,1,Straße der Jugend,14621,Schönwalde-Glien,Customer
customer/c-255,Prospect Her,DE,u33f3rruhpny,1,Puschkinstraße,15562,Rüdersdorf,Customer
customer/c-256,Experts SCRAP,DE,u33fs6nryqtb,1,Zum Bruch,15345,Lichtenow,Customer
customer/c-257,Driver Frances,DE,u336pdqznjgn,1,B 101,14979,Heinersdorf,Customer
customer/c-258,Eden Frances,DE,u33fuwvn1f2q,1,Garzauer Chaussee,15344,Garzau,Customer
customer/c-259,Cane PROVISO,DE,u333yyeybnzc,1,Zum Kiesberg,14979,Großbeeren,Customer
customer/c-260,Act Life,DE,u33ejybr0vey,1,Östlicher Berliner Ring,16356,Blumberg,Customer
customer/c-261,Tempest Tilt,DE,u3377bvngp5n,1,Triftweg,16761,Nieder Neuendorf,Customer
customer/c-262,Ark Yup,DE,u33fb73tztcp,1,Elisenhofer Weg,15366,Neuenhagen bei Berlin,Customer
customer/c-263,Ferguson Provision,DE,u33f5dhq3gfv,1,Königsgestell,15537,Mönchwinkel,Customer
customer/c-264,Central Converse,DE,u3369epudt0v,1,Waldweg,14624,Dallgow-Döberitz,Customer
customer/c-265,Blur Picnic,DE,u339chsmpqsu,1,Rosenweg,15831,Waldblick,Customer
customer/c-266,Adjust Straw,DE,u33cvg2s8dvf,1,Göllmitz,15528,Braunsdorf,Customer
customer/c-267,Slate Family,DE,u33722zxec7n,1,Nauener Chaussee,14612,Brieselang,Customer
customer/c-268,Blowfish Character,DE,u33cgsrzscq6,1,Kirchhofen,15528,Spreenhagen,Customer
customer/c-269,Feastly Regent,DE,u33e8bm8yec1,1,Blankenfelder Straße,16567,Schönerlinde,Customer
customer/c-270,Atmosphere Pulse,DE,u33fv7jvxu2u,1,Alte Heerstraße,15345,Garzau,Customer
customer/c-271,Fowler Trestle,DE,u3370td77wc8,1,Radweg L202,14656,Brieselang,Customer
customer/c-272,Sens CASA,DE,u33dx47p3jgb,1,Triftstraße,15366,Münchehofe,Customer
customer/c-273,Service Jaunty,DE,u33ekfeng2yd,1,Weg nach Lindenberg,16356,Birkholz,Customer
customer/c-274,Buzz Sorrel,DE,u33cgu1r8r18,1,Kirchhofen,15528,Spreenhagen,Customer
customer/c-275,Parlor Punch,DE,u33gu1xdxutu,1,Biesower Weg,16259,Leuenberg,Customer
customer/c-276,Corks Origin,DE,u339vdmury0g,1,Am Heideberg,15738,Zeuthen,Customer
customer/c-277,Brigade control,DE,u33e9cp3xqfr,1,Am Wiesenweg,13125,Schönerlinde,Customer
customer/c-278,Distribute Fly,DE,u33fbu1072xd,1,Landstraße,15370,Fredersdorf-Vogelsdorf,Customer
customer/c-279,Smith FUSE,DE,u33gmbk5jbcy,1,Kähnsdorfer Weg,15377,Klosterdorf,Customer
customer/c-280,Chaps SKINS,DE,u33fj5gx340b,1,Hangelsberger Weg,15537,Grünheide (Mark),Customer
customer/c-281,Alpha thrive,DE,u33fe2bse1fp,1,Möllenstraße,15378,Herzfelde,Customer
customer/c-282,Scoop Spire,DE,u339fntntgm7,1,Dorfstraße,12529,Waßmannsdorf,Customer
customer/c-283,Levy Agency,DE,u33fh6uphruj,1,Wulkower Weg,15537,Grünheide (Mark),Customer
customer/c-284,Agency HIVE,DE,u33g9wrpn82s,1,Beiersdorfer Chaussee,16259,Beiersdorf,Customer
customer/c-285,Shipping Blowfish,DE,u33fjrbq9xk0,1,L 385,15537,Grünheide (Mark),Customer
customer/c-286,Mortar Cider,DE,u33cusx4mkhv,1,Kirchengestell,15528,Braunsdorf,Customer
customer/c-287,Cabin JAM,DE,u339vwub4wcv,1,Am Luch,15732,Schulzendorf,Customer
customer/c-288,Diy operation,DE,u33g5399p0yh,1,Spitzmühlenweg,15344,Postbruch,Customer
customer/c-289,Secrets Sartorius,DE,u33ej6x9r6rt,1,Mehrower Chaussee,16356,Eiche,Customer
customer/c-290,Verso Distractions,DE,u334zuz43pcg,1,Herderweg,14641,Elstal,Customer
customer/c-291,Bolt Galley,DE,u337b01n39e1,1,Westlicher Berliner Ring,16727,Schönwalde-Glien,Customer
customer/c-292,Amber Golden,DE,u33fd2brmtf1,1,An den Windmühlen,15562,Rüdersdorf,Customer
customer/c-293,Bond Epicurean,DE,u33gs9jp012n,1,Alte Berliner Straße,15345,Prötzel,Customer
customer/c-294,Acts Avenue,DE,u33ehmg7bxvk,1,Ahrensfelder Straße,16356,Lindenberg,Customer
customer/c-295,Blend Output,DE,u33ejz7z9kxz,1,Gartenstraße,16356,Blumberg,Customer
customer/c-296,Stacks Substantial,DE,u3378xn92280,1,Grenzgestell,16727,Schönwalde-Glien,Customer
customer/c-297,Chambers Knoll,DE,u33cyh4ds1v5,1,Braunsdorfer Chaussee,15528,Braunsdorf,Customer
customer/c-298,Sarah Noise,DE,u33f914vytr4,1,Östlicher Berliner Ring,15562,Rüdersdorf,Customer
customer/c-299,Be beauty,DE,u3372vgmfee5,1,Krugweg,14621,Schönwalde-Glien,Customer
customer/c-300,Clay Quickly,DE,u336p5e0ck41,1,Berliner Mauerweg,14979,Heinersdorf,Customer
customer/c-301,Knox Homage,DE,u1j809vw2vk1,1,Mühlentalstraße,57629,Wied,Customer
customer/c-302,Groom Expression,DE,u1j9tndmjj5f,1,Holdinghauser Straße,57078,Langenholdinghausen,Customer
customer/c-303,Hart Roar,DE,u1j9n1pv0e6d,1,Pfannenbergstraße,57290,Salchendorf,Customer
customer/c-304,Cooperative Notorious,DE,u1j8ktwbkv5u,1,Am Scheuerchen,57520,Langenbach bei Kirburg,Customer
customer/c-305,Bolt Panoply,DE,u1j94ubur6qm,1,Glückaufstraße,57548,Wingendorf,Customer
customer/c-306,Rev services,DE,u1j83ffymckn,1,L 288,57629,Streithausen,Customer
customer/c-307,Strut Litter,DE,u1j9yqfn40nc,1,Dallnstraße,57223,Ferndorf,Customer
customer/c-308,Think Civic,DE,u1jcdcrftu8w,1,Sankt-Sebastian-Straße,57250,Walpersdorf,Customer
customer/c-309,Standard Target,DE,u1j2nk6v8gj3,1,K 142,57614,Oberwambach,Customer
customer/c-310,Segment Travelers,DE,u1j9cmv4yny8,1,Rinscheidstraße,57482,Rothemühle,Customer
customer/c-311,Office Parade,DE,u1j9ex4h66ky,1,A 45,57482,Hünsborn,Customer
customer/c-312,Lids Fowler,DE,u0vrzr1e21cz,1,K 10,56271,Roßbach,Customer
customer/c-313,Service Bask,DE,u1jd5075su16,1,In der Heide,57482,Elben,Customer
customer/c-314,Sartorius Lookout,DE,u1j9vk30x7r8,1,Numbachstraße,57223,Fellinghausen,Customer
customer/c-315,Canvas Receiver,DE,u1jfh1p4w578,1,Dillstraße,57339,Erndtebrück,Customer
customer/c-316,Diy Assembly,DE,u0vx7u3m2w65,1,K 85,56414,Meudt,Customer
customer/c-317,Acts Interact,DE,u1j9my5mxd8s,1,Katzenstückweg,57072,Trupbach,Customer
customer/c-318,Tune Delirium,DE,u1jb8hdpe3u9,1,Schillerstraße,57299,Burbach,Customer
customer/c-319,Hamlet Ample,DE,u0vxkm3uqur6,1,Waldstraße,56459,Mähren,Customer
customer/c-320,Interact Alfred,DE,u0vzbw7129s0,1,Zum Campingplatz,56479,Rehe,Customer
customer/c-321,Yelp Directly,DE,u1jc4wjdr8g0,1,Auf der Struth,57250,Irmgarteichen,Customer
customer/c-322,Pineapples title,DE,u1j8fr2t3bct,1,Am Friedhof,57584,Wallmenroth,Customer
customer/c-323,Plow Token,DE,u1j9jk5ubwuk,1,Löhrstraße,57555,Mudersbach,Customer
customer/c-324,Cooperative Faith,DE,u1j8zhx12yeu,1,Am Köppel,57290,Wiederstein,Customer
customer/c-325,Office Pocket,DE,u1n0b49fejrb,1,K 54,35768,Wallenfels,Customer
customer/c-326,Rams Light,DE,u0vxm7ur4urs,1,Trail,56414,Salz,Customer
customer/c-327,Savor Provision,DE,u0vx2utvz0ek,1,L 267,56244,Vielbach,Customer
customer/c-328,Go BUILD,DE,u1jc0x9estzz,1,Helenenhof,57234,Oberdielfen,Customer
customer/c-329,Otto Civic,DE,u1jf4smvxr4f,1,Hilchenbacher Weg,57339,Zinse,Customer
customer/c-330,Wish Notorious,DE,u1n0c675g3bv,1,Ebersgrube,35080,Wommelshausen,Customer
customer/c-331,Pocket Axis,DE,u0vxgg6q5g2q,1,K 72,57647,Stockum-Püschen,Customer
customer/c-332,Roar Bite,DE,u1j8ykrhceep,1,Schieferbergstraße,57290,Zeppenfeld,Customer
customer/c-333,Par Framework,DE,u1j3y0mrs1ux,1,Olper Straße,51580,Heischeid,Customer
customer/c-334,Nest Ancestry,DE,u1j9uyrm5m78,1,Hüttentalstraße,57223,Osthelden,Customer
customer/c-335,Hope Go,DE,u1jb9g778q7n,1,Hickengrundstraße,35708,Flammersbach,Customer
customer/c-336,Celtic AAA,DE,u1j9wpemmq4x,1,Auf der Hube,57223,Buschhütten,Customer
customer/c-337,Converse Marquette,DE,u1j3jpkmttcg,1,Seifener Straße,51545,Seifen,Customer
customer/c-338,Noise Alarm,DE,u1j3y2j8qnj6,1,Talsperrenstraße,51580,Löffelsterz,Customer
customer/c-339,Indeed Light,DE,u1j8nyw1rz3m,1,Waldstraße,56479,Oberroßbach,Customer
customer/c-340,Capital SET,DE,u1j8fevyp0gs,1,Schlangenweg,57584,Scheuerfeld,Customer
customer/c-341,Farmers Bolt,DE,u1j894d0d8h7,1,Kirchweg,57629,Mörsbach,Customer
customer/c-342,Vanity Driver,DE,u1jbxpe3c1y6,1,Hohe Straße,35768,Tringenstein,Customer
customer/c-343,March MAD,DE,u1j9gjmuhrws,1,Hünsborner Straße,57482,Möllmicke,Customer
customer/c-344,Trestle Distractions,DE,u1j2jkd0w5ws,1,Gartenstraße,57614,Mahlert,Customer
customer/c-345,Strut Brilliant,DE,u0vrq3ds9100,1,K 118,56276,Kausen,Customer
customer/c-346,Gladly Empower,DE,u0vrqjqq78m6,1,A 3,56276,Großmaischeid,Customer
customer/c-347,Construct Clips,DE,u1j8bshhsz1c,1,Katzenthal,57537,Blickhauser Wald,Customer
customer/c-348,Teeth Criminal,DE,u1n12jstk3x3,1,Wetteraustraße,35236,Niederdieten,Customer
customer/c-349,Imprint Marquette,DE,u0vxw6fuq14p,1,L 302,65599,Gemünden,Customer
customer/c-350,Life Gamut,DE,u0vxdj524xbz,1,B 8,56244,Freilingen,Customer
customer/c-351,Adjust Reside,DE,u1j9um64r0f8,1,L 714,57482,Schönau,Customer
customer/c-352,Notorious Rain,DE,u1jc7tmtb86z,1,Vorm Eichhölzchen,57250,Hainchen,Customer
customer/c-353,Surgery Adjust,DE,u1jcvhxm1xsq,1,Am Hesselberg,57334,Rüppershausen,Customer
customer/c-354,Bait Knox,DE,u1j9ykcqr2g1,1,Austraße,57223,Ferndorf,Customer
customer/c-355,Marsh Evans,DE,u1j996dvsh09,1,Hauptstraße,51598,Friesenhagen,Customer
customer/c-356,Gladly Carbon,DE,u1j3x7hc5kr9,1,In den Kirchenhähnen,51597,Lichtenberg,Customer
customer/c-357,Picnic Junior,DE,u1j9bxuzrme3,1,A 4,51580,Hespert,Customer
customer/c-358,Reside TRES,DE,u1jdjbc9k5c5,1,Am Sonnenhang,57223,Eichen,Customer
customer/c-359,Cast SO,DE,u1j99z39mk5y,1,K 83,51598,Hammerhöhe,Customer
customer/c-360,Fichu Savor,DE,u1j96m4z6zyp,1,Locherhofer Straße,57572,Hinhausen,Customer
customer/c-361,Phantom FINE,DE,u1j9zutzw4ze,1,Hilchenbacher Straße,57250,Herzhausen,Customer
customer/c-362,Cream Canvas,DE,u1jfh47us77d,1,Breidenbachstraße,57339,Erndtebrück,Customer
customer/c-363,Louis Stuff,DE,u0vxxpm55wyt,1,Leichtgraben,56479,Seck,Customer
customer/c-364,Eats Criminal,DE,u1n10c6szfts,1,Perfstraße,35239,Steinperf,Customer
customer/c-365,Edge Cherish,DE,u1jc2ybv7tfh,1,L 719,57074,Feuersbach,Customer
customer/c-366,Monograph Affinity,DE,u1jcgu73nqm0,1,Ludwigseck,57339,Erndtebrück,Customer
customer/c-367,March Fixed,DE,u1j3jcx5qqy9,1,Im Rötz,51570,Loch,Customer
customer/c-368,Jake Citizen,DE,u0vzu6qn1ejt,1,Blumenweg,35753,Holzhausen,Customer
customer/c-369,Combine Iodine,DE,u1jdj7gtk7um,1,Reckhammer Auenweg,57223,Littfeld,Customer
customer/c-370,Raw Cats,DE,u1j804h2gupp,1,Friedhofstraße,57629,Höchstenbach,Customer
customer/c-371,Inspire Library,DE,u1j2n02jscs4,1,L 265,57639,Dendert,Customer
customer/c-372,Five Pavilion,DE,u1j8ceq2b6rq,1,K 128,57537,Steckenstein,Customer
customer/c-373,Landau Slack,DE,u1j2v4fpvxns,1,Stallberg,51570,Schabernack,Customer
customer/c-374,Lids BRIDGE,DE,u1j6pgs8grg1,1,Unter den Birken,51580,Windfus,Customer
customer/c-375,Beekeeper Industry,DE,u0vx6fu3k7pq,1,K 80,56414,Oberahr,Customer
customer/c-376,Southeast Amber,DE,u1jc1qv4cn4y,1,Schützenstraße,57234,Rudersdorf,Customer
customer/c-377,Hughes Journeys,DE,u0vzu9y9fcxu,1,L 3324,35753,Ulm,Customer
customer/c-378,Records Neighborhood,DE,u0vxe4j9cn8y,1,Haindorf,56459,Obersayn,Customer
customer/c-379,Noise Library,DE,u1jc13c2vr4p,1,Jahnstraße,57234,Wilgersdorf,Customer
customer/c-380,Spur RAMS,DE,u0vx8uehcq9y,1,K 137,56244,Maxsain,Customer
customer/c-381,So TINT,DE,u1jchdyqecmk,1,Oranienstraße,35708,Weidelbach,Customer
customer/c-382,Galley Regard,DE,u1j9bxuzrme3,1,A 4,51580,Hespert,Customer
customer/c-383,Base About,DE,u1jc39u1xsn9,1,K 11,57234,Salchendorf,Customer
customer/c-384,Bolt thread,DE,u1jc3rr7uhjd,1,Marburger Straße,57250,Deuz,Customer
customer/c-385,Slack Public,DE,u1j8j4phyqzd,1,Am Kirchwäldchen,56472,Großseifen,Customer
customer/c-386,Vacation Lifted,DE,u1jbf9ps3c5q,1,Rodenbacher Straße,35708,Rodenbach,Customer
customer/c-387,Central Mortar,DE,u1jc1144zcu9,1,Neue Hoffnung,57234,Wilgersdorf,Customer
customer/c-388,Vanity Alpha,DE,u1n18hmzw5w7,1,Im Endebergsfeld,35216,Breidenstein,Customer
customer/c-389,Chapter Regard,DE,u0vrth88uu1p,1,Schulstraße,56316,Niederhofen,Customer
customer/c-390,Savor Earnest,DE,u1j3r46z1jkg,1,Herbertshagen,51597,Holpe,Customer
customer/c-391,Nook Litter,DE,u1j2tpez17nt,1,Dahlhauser Weg,57589,Ückertseifen,Customer
customer/c-392,Cultivate Vacation,DE,u1j3nd8cbj1q,1,L 267,57537,Dellingen,Customer
customer/c-393,Praiseworthy GROOM,DE,u1j2x6hzhesx,1,K 41,57612,Isert,Customer
customer/c-394,Jeff Surgery,DE,u1j9ywty2eck,1,Loher Weg,57223,Kredenbach,Customer
customer/c-395,Transcend Uncut,DE,u1jc2nfxrr9q,1,K 7,57074,Breitenbach,Customer
customer/c-396,Icon CULTIVATE,DE,u1j9y0uepess,1,Mattenbachstraße,57223,Buschhütten,Customer
customer/c-397,Ghosts Citizen,DE,u1j9z816cpvq,1,Unglinghausener Straße,57250,Unglinghausen,Customer
customer/c-398,Endless Frances,DE,u1j8n4j2nems,1,K 57,56462,Höhn,Customer
customer/c-399,Anatomy Grand,DE,u0vryq31veys,1,Wiesenstraße,57639,Dendert,Customer
customer/c-400,Construct Slide,DE,u1jcdeps80yd,1,Hirschweg,57250,Walpersdorf,Customer
customer/c-401,Magnetic Warehouse,DE,u1j2sbz7kt14,1,Zum Rottfeld,57635,Wölmersen,Customer
customer/c-402,Cast Scoop,DE,u1jbgqs31q7c,1,Zur Niedermühle,35708,Oberroßbach,Customer
customer/c-403,Fountain Surly,DE,u1j2zh09586c,1,Friedhofstraße,57539,Heckenhof,Customer
customer/c-404,Market Originator,DE,u1j9bxuzrme3,1,A 4,51580,Hespert,Customer
customer/c-405,Industry Life,DE,u1jcs02b7n8g,1,K 17,57250,Hainchen,Customer
customer/c-406,Copyright Clever,DE,u1j96c786761,1,Konrad-Adenauer-Straße,57572,Fischbacherhütte,Customer
customer/c-407,Second Epicurean,DE,u1jbdt7rrjhp,1,Obertor,35708,Allendorf,Customer
customer/c-408,Habit Faith,DE,u1j6nc2g4bqt,1,Am Meilenstein,51580,Eckenhagen,Customer
customer/c-409,Indeed Mix,DE,u0vrq0zgj74n,1,Wilhelmstraße,56276,Kausen,Customer
customer/c-410,Revolver Eden,DE,u1jcx1u0bjmj,1,K 36,57334,Hesselbach,Customer
customer/c-411,Tradition South,DE,u0vxrx8ym11u,1,Hauser Weg,65599,Langendernbach,Customer
customer/c-412,Occipital BASIC,DE,u1jb92p0vt6m,1,Wetterbach,57299,Oberdresselndorf,Customer
customer/c-413,Experts Wild,DE,u1jcpcuqt1rb,1,Beuerbachstraße,35719,Frechenhausen,Customer
customer/c-414,Clare Madison,DE,u1j8b9ts50df,1,L 278,57537,Schönstein,Customer
customer/c-415,Coincident Spruce,DE,u1j9gvsjz6jz,1,Schildergasse,57482,Altenhof,Customer
customer/c-416,Substantial Ark,DE,u1wbmmd418wc,1,Hinterstraße,21635,Estebrügge,Customer
customer/c-417,Groom School,DE,u1x2tyub4t8u,1,A 24,21493,Möhnsen,Customer
customer/c-418,Wing Chapter,DE,u1qzqn0h74uy,1,Hollenstedter Straße,21279,Dierstorf,Customer
customer/c-419,Palace Industry,DE,u1x3exnge6pf,1,A 1,23847,Barkhorst,Customer
customer/c-420,Southeast Industry,DE,u1rpz52phmgt,1,Hower Hauptdeich,21037,Howe,Customer
customer/c-421,Wild Hall,DE,u1rpj1mm7jj0,1,Quarrendorfer Weg,21442,Toppenstedt,Customer
customer/c-422,Effect Junior,DE,u1rqgn5ntfuf,1,Stadtweg,21391,Dachtmissen,Customer
customer/c-423,Build Solutions,DE,u1wbfh95zks4,1,Lühesand,21723,Hollern-Twielenfleth,Customer
customer/c-424,Marmalade Expression,DE,u1qz3wh39uzt,1,Sittenser Straße,21644,Sauensiek,Customer
customer/c-425,Empower cane,DE,u1rr3xjqv3ht,1,Nedderfeldweg,21423,Sangenstedt,Customer
customer/c-426,Matter Mast,DE,u1qygtjmxmwx,1,Huthscher Weg,21255,Tostedt-Land,Customer
customer/c-427,Face dress,DE,u1x2n6939cw9,1,L 158,21483,Gülzow,Customer
customer/c-428,Un Savor,DE,u1rpy2s53guw,1,Steller Chaussee,21435,Stelle,Customer
customer/c-429,Soul Studio,DE,u1wcjx2yfj5c,1,Moorweg,25482,Appen,Customer
customer/c-430,Gladly Corks,DE,u1rrg3t7fbgs,1,Weideweg,21436,Niedermarschacht,Customer
customer/c-431,Canvas level,DE,u1rnsp2qptsk,1,Auetalweg,21272,Ollsen,Customer
customer/c-432,Phil TRES,DE,u1x2gwchu110,1,Grander Weg,22946,Großensee,Customer
customer/c-433,Tonic Lids,DE,u1qzgr1mjt58,1,Johann-D.-Bellmann-Weg,21641,Apensen,Customer
customer/c-434,Canopy Verso,DE,u1rptphkpsjv,1,Harburger Straße,21435,Stelle,Customer
customer/c-435,Madame Origin,DE,u1qzzkcm3f5q,1,Alter Postweg,21629,Neu Wulmstorf,Customer
customer/c-436,Savor Agency,DE,u1rr9pu1wdm1,1,Alter Deich,21423,Laßrönne,Customer
customer/c-437,Kazan Focus,DE,u1x0j65dx4bs,1,Overblock,21217,Bullenhausen,Customer
customer/c-438,Catch Slate,DE,u1rnypdu4dkq,1,Oberer Kirchweg,21442,Toppenstedt,Customer
customer/c-439,Culture Journeys,DE,u1rny9r20b1c,1,Am Osterbach,21376,Oelstorf,Customer
customer/c-440,Coach Second,DE,u1rr9sf9ew0s,1,Auestücken,21423,Tönnhausen,Customer
customer/c-441,State FUSE,DE,u1rrtnh52sfg,1,Lüneburger Straße,21395,Bütlingen,Customer
customer/c-442,Resolute Stuff,DE,u1wctrsrc185,1,Am Wald,25337,Seeth,Customer
customer/c-443,Directly Jane,DE,u1rpcxbdcw1v,1,Zwischen de Baumschulen,21075,Vahrendorf,Customer
customer/c-444,Salon Verso,DE,u1rnz940k8yp,1,Lüneburger Straße,21376,Luhmühlen,Customer
customer/c-445,Parsnips Clare,DE,u1rpqkykdth8,1,Zum Woldberg,21423,Scharmbeck,Customer
customer/c-446,Iodine Minerals,DE,u1wchkxx1sjb,1,Zum Haselauer Moor,25492,Heist,Customer
customer/c-447,Token operation,DE,u1x3vspcnqm0,1,Kiefholz,23847,Klein Boden,Customer
customer/c-448,House Junior,DE,u1x3b43xpc34,1,Grastwiete,23863,Bargfeld-Stegen,Customer
customer/c-449,Tested Go,DE,u1x3sj9rcym6,1,Bargkoppel,23847,Barkhorst,Customer
customer/c-450,Mad Lookout,DE,u1rqffkm9kyc,1,Böhmsholzer Weg,21394,Kirchgellersen,Customer
customer/c-451,Amazing APT,DE,u1wcuqbc004h,1,Eichenweg,25365,Klein Offenseth-Sparrieshoop,Customer
customer/c-452,Records Quickly,DE,u1rpqz8gzwnf,1,Kanonenberg,21423,Scharmbeck,Customer
customer/c-453,Trademark Always,DE,u1rp49e9dudz,1,Drumbergen,21271,Dierkshausen,Customer
customer/c-454,Jam Organic,DE,u1wb28y1c1b9,1,Daudieker Weg,21698,Issendorf,Customer
customer/c-455,Swamp Mix,DE,u1rp5bxt643j,1,Schillenberg,21271,Quarrendorf,Customer
customer/c-456,Picnic Artery,DE,u1rrwz3sxy0r,1,Am Sportplatz,21481,Schnakenbek,Customer
customer/c-457,Fluid Pride,DE,u1rpjgs29qtx,1,Toppenstedter Straße,21442,Tangendorf,Customer
customer/c-458,Inspire Dine,DE,u1wb447h97rc,1,K 49,21698,Ruschwedel,Customer
customer/c-459,Raw Manifold,DE,u1x3fyz1vuns,1,A 21,23843,Rümpel,Customer
customer/c-460,Thrive Gateway,DE,u1x1bm4hkj9f,1,In der Heide,25485,Hemdingen,Customer
customer/c-461,Rev Hollow,DE,u1wcfb6eyr8d,1,Altendeich,25370,Besenbek,Customer
customer/c-462,Journeys Orange,DE,u1rppq6h1exe,1,L 234,21441,Garstedt,Customer
customer/c-463,Oracle Cabin,DE,u1qzte4480r7,1,Wennerstorfer Weg,21279,Appel,Customer
customer/c-464,Bolt cane,DE,u1x3k9eq0n81,1,Bahnhofstraße,22952,Lütjensee,Customer
customer/c-465,Lodges ,DE,u1x2jv4pb76z,1,Steinrade,21527,Kollow,Customer
customer/c-466,Revolution level,DE,u1rpuwtew9rr,1,Brookdamm,21217,Meckelfeld,Customer
customer/c-467,Parsnips Evans,DE,u1rqc70yd76x,1,Zum Rahn,21394,Westergellersen,Customer
customer/c-468,Fork EPIC,DE,u1rnv5tuhsbm,1,Hanstedter Landstraße,21442,Garlstorf,Customer
customer/c-469,Studio FINE,DE,u1qz15exh3bz,1,Waldstraße,27419,Tiste,Customer
customer/c-470,Spices Twist,DE,u1wbnyqft4q7,1,Gerhard-Bachmann-Ring,21629,Neu Wulmstorf,Customer
customer/c-471,Jake Corks,DE,u1wb87prmkf4,1,Hagener Weg,21739,Dollern,Customer
customer/c-472,Stables Tradesmen,DE,u1wcf41jgvrh,1,Landscheide,25335,Altenmoor,Customer
customer/c-473,Madame Festivities,DE,u1wc6emt1gs4,1,Rosengarten,25436,Neuendeich,Customer
customer/c-474,Assembly Bamboo,DE,u1qybzfyz15u,1,Im Häsen,27419,Fuhrenkamp,Customer
customer/c-475,Civic Gap,DE,u1wcd6vee5ff,1,Twiete,25370,Seester,Customer
customer/c-476,Marmalade City,DE,u1qzd3ypmgqe,1,Breite Straße,21646,Halvesbostel,Customer
customer/c-477,David Faith,DE,u1rp6k0gjhqe,1,Itzenbütteler Waldweg,21266,Itzenbüttel,Customer
customer/c-478,Establish Manifold,DE,u1rr6uk4bs1n,1,Bruchweg,21447,Handorf,Customer
customer/c-479,Par Engine,DE,u1rp7b7rrw5s,1,Lindenallee,21439,Marxen,Customer
customer/c-480,Golden Criminal,DE,u1x3wcjmbwws,1,Twietenstelle,23847,Steinhorst,Customer
customer/c-481,Tempest Clare,DE,u1rppwyquw0r,1,Rodland,21423,Bahlburg,Customer
customer/c-482,Omg Perch,DE,u1x3cwn63z5g,1,Floggensee,23843,Neritz,Customer
customer/c-483,Reside un,DE,u1x23c94cu3z,1,Berliner Landstraße,21465,Wentorf bei Hamburg,Customer
customer/c-484,Easy Family,DE,u1rpqdgssykc,1,Alter Postweg,21423,Pattensen,Customer
customer/c-485,Salon Bold,DE,u1rpegkzwv8c,1,Horster Damm,21220,Horst,Customer
customer/c-486,Hue Industry,DE,u1qzs5x9wv0p,1,Holtorfsbosteler Straße,21279,Wohlesbostel,Customer
customer/c-487,Cats Originator,DE,u1x1sxynswx1,1,Kringelweg,22889,Wilstedt,Customer
customer/c-488,Endless Think,DE,u1wcc791dk7t,1,Borndeich,25379,Herzhorn,Customer
customer/c-489,Verso starters,DE,u1wczpnrgjmp,1,Heeder Tannen,25355,Heede,Customer
customer/c-490,Adapt Shipping,DE,u1rr5d28tr70,1,Am Süderfeld,21360,Vögelsen,Customer
customer/c-491,David Strut,DE,u1wc3rsnqds7,1,Bauerndamm,25371,Seestermühe,Customer
customer/c-492,Polish Alpha,DE,u1x121gdn9z8,1,Zum Haferkamp,25499,Tangstedt,Customer
customer/c-493,Thrive Square,DE,u1wchkxx1sjb,1,Zum Haselauer Moor,25492,Heist,Customer
customer/c-494,Citadel thread,DE,u1wbcr01gk14,1,Twielenfleth Am Deich,21723,Hollern-Twielenfleth,Customer
customer/c-495,Cast FrameWork,DE,u1rpugru5s9g,1,Deichstraße,21217,Hörsten,Customer
customer/c-496,Gather Cooper,DE,u1wb3bsn4y89,1,Auf der Worth,21640,Bliedersdorf,Customer
customer/c-497,Diy MINE,DE,u1rr5ztxysf4,1,Im Kuhreiher,21357,Bardowick,Customer
customer/c-498,Greetings Converse,DE,u1rr5du4jt67,1,Glockenblumenweg,21360,Vögelsen,Customer
customer/c-499,Elevate Vive,DE,u1qzgm0d4w3m,1,Nindorfer Straße,21641,Apensen,Customer
customer/c-500,Gather Swamp,DE,u1rpzrm8q0gu,1,Warwischer Hauptdeich,21037,Howe,Customer
