@metadata.@Id,Name,Country,Geohash,Address.Street,Address.ZIPCode,Address.Town,@metadata.@collection
customer/c-01,Dress Citizen,PL,u3d62qdbfxjj,Główna 21a,72-500,Lebbin,Customer
customer/c-02,Loop house,DE,u312689k8npk,Naherholungsstraße 2,09429,Hilmersdorf,Customer
customer/c-03,Hem Tonight,BE,u15f3u11jyt3,Vijverweg 2D,3530,Houthalen,Customer
customer/c-04,Mirror Industry,FR,u05q19hc7ukv,Route du Pont Mathivet 77,69460,Saint-Étienne-des-Oullières,Customer
customer/c-05,Criminal Jane,AT,u26t72jfwyzd,Am Kraubatheck 3,8714,Kraubath an der Mur,Customer
customer/c-06,Second Magazine,DE,u34d3jh6rnyu,Viebig 16,02748,Kunnersdorf auf dem Eigen,Customer
customer/c-07,Public Bare,DE,u0qrt539439v,In den Reben 10,78315,Markelfingen,Customer
customer/c-08,Allay JAM,CH,u0m567u2ex29,Insstrasse 25,3225,Müntschemier,Customer
customer/c-09,Fable Reside,DE,u0yunkyzj5d5,Laudenbacher Weg 28,97753,Laudenbach,Customer
customer/c-10,Creation DIP,FR,u07d84sm0efj,Impasse du Grand Champeau 6,71590,Gergy,Customer
customer/c-11,Token South,CZ,u34bssdrmh54,Českošumburská 326,468 41,Böhmisch Schumburg,Customer
customer/c-12,Jam nothing,FR,u0kpjwnyd1c8,Chemin des Crais 1,70120,Confracourt,Customer
customer/c-13,Access Mast,FR,u0t1qmcmvj21,Rue Flachsland 36,68920,Winzenheim,Customer
customer/c-14,Curiosities Hear,AT,u23sqh2w947r,Purnweg 3,5563,Tweng,Customer
customer/c-15,Bare Roar,FR,u0mndf9juvw0,Rue Principale 30,68580,Friesen,Customer
customer/c-16,Split Spire,DE,u0xejv6e94ng,Fuchsweg 9,86356,Vogelsang,Customer
customer/c-17,State Rapid,DE,u33f9r1mr8gv,Seestraße 18A,15370,Fredersdorf-Vogelsdorf,Customer
customer/c-18,George Organizer,LU,u0u3evrs1duf,Wisestrooss 25,3336,Hellingen,Customer
customer/c-19,Whirlwind CANOPY,CH,u0k2jmwff9fc,Chemin des Gogandés 1,1272,Genolier,Customer
customer/c-20,Serpentine Staples,DE,u286eg7qxdxk,Münchner Straße 57,85452,Eichenried,Customer
customer/c-21,Theory Chapter,AT,u29bk6n8hsgj,Hauergraben 24,4644,Scharnstein,Customer
customer/c-22,Diana services,FR,u0t56td14916,Rue des Champs du Motey 288,67420,Blen,Customer
customer/c-23,Life Whirlwind,DE,u28nku9t9rvk,Alemannenstraße 9,85095,Dörndorf,Customer
customer/c-24,Originator Enclosed,DE,u31vg2wruc0w,Rosengasse 9,03238,"Göllnitz, Niederlausitz",Customer
customer/c-25,Punch Wing,DE,u396m9wtez2w,Siedenbüssow 20,17129,Alt Tellin,Customer
customer/c-26,Title Brigade,NL,u15rbms18nf7,Knibbelweg 9a,2761 JB,Zevenhuizen,Customer
customer/c-27,Dwell Staples,DE,u33ejp17s7su,Bundespolizeiallee 1,16356,Neu-Lindenberg,Customer
customer/c-28,Brilliant school,DE,u2bxt71sewx5,Pöhler Straße 49,08543,Alt-Jocketa,Customer
customer/c-29,Apt Prospect,PL,u358wkg0w3wc,Wiejska 38,58-321,Michałkowa,Customer
customer/c-30,Segment Rumors,DE,u0tdjjdhqxq4,Hockeweg 2,79348,Freiamt,Customer
customer/c-31,Aaa Marmalade,DE,u33znt7w9spw,Damme Dorfstraße 9,17291,Damme,Customer
customer/c-32,Establish Affinity,BE,u15cwdv6mn16,Grote Heide 2,3740,Eigenbilzen,Customer
customer/c-33,Levy Ghosts,AT,u2d5f0q34z0k,Windhag 8,4173,Sankt Veit im Mühlkreis,Customer
customer/c-34,Reside PLATFORM,DE,u32hbqwmqq35,Predöhl 18,29485,Predöhl,Customer
customer/c-35,Alterations Mortar,DE,u1j4rsg8j1cj,Schlüsselberg 37,51789,Ohl,Customer
customer/c-36,Genuine thread,FR,u07d11uv56j6,Route du Grand Servigny 2,71370,Saint-Christophe-en-Bresse,Customer
customer/c-37,Garcon Celtic,CH,u0m69usxg4sx,Obermuhlernstrasse 1b,3086,Zimmerwald,Customer
customer/c-38,House Icon,DE,u38bk13k5rbd,Laschendorfer Weg 14,17213,Göhren-Lebbin,Customer
customer/c-39,Buzz Knot,DE,u1rfj3yjfhyx,Mühlenweg 3,39359,Kathendorf,Customer
customer/c-40,Mad Joy,DE,u1mvkqv0uqtr,Bunkenburger Weg 4,26197,Huntlosen,Customer
customer/c-41,Kazan Galley,DE,u1nd0wpw16pz,Am Hohen Berg 2,34632,Reptich,Customer
customer/c-42,Louis Split,NL,u1kr0tmchcpq,Doniawei 51,9104 GH,Damwâld,Customer
customer/c-43,Epic Whirlwind,DE,u28923fbg5jq,Schloßstraße 7 1/2,85567,Unterelkofen,Customer
customer/c-44,Really Gladly,DE,u0x8xrft570k,Am Lechblick 2,86925,Seestall,Customer
customer/c-45,Spectacles Kids,DE,u1wbms83wdqc,Moorende 73,21635,Estebrügge,Customer
customer/c-46,Apt Jane,BE,u15ff6pzr617,Lijsterstraat 12,3940,Hechtel,Customer
customer/c-47,Artifact Owners,FR,u06kuppyv3ur,Route de Prémery 13,58210,Champlemy,Customer
customer/c-48,Park Compass,NL,u1kkdt51r67q,Leemweg 11,8395 TK,Steggerda,Customer
customer/c-49,Amazing Cooper,FR,u0sbeyectw40,Chemin du Riant 24,88310,Ventron,Customer
customer/c-50,Ample Coast,DE,u32w32224k7v,Unter den Linden 1,16928,Groß Pankow (Prignitz),Customer
customer/c-51,Mad Eats,DE,u1qy8fb6wpqm,Büschelskamp 17,27383,Büschelskamp,Customer
customer/c-52,Cast Junior,DE,u33ct207xwrc,Lebbin 24A,15528,Markgrafpieske,Customer
customer/c-53,School Cooperative,AT,u27wm15p83k7,Badgasse 20,7372,Draßmarkt,Customer
customer/c-54,True Fig,AT,u29cw6s9we1t,Niederheischbach 16,4652,Steinerkirchen an der Traun,Customer
customer/c-55,Remind Uncut,DE,u1n1wpdck2gt,Hauptstraße 46,35117,Todenhausen,Customer
customer/c-56,Bolt Stronghold,DE,u0vp4pt0uqqj,Karweg 2,53426,Schalkenbach,Customer
customer/c-57,Jam Office,SI,u25pyduk3tjk,Župečja vas 32,2324,Saukendorf,Customer
customer/c-58,Magazine Sprout,DE,u0wmsqks2n55,Zollernstraße 23/1,71229,Gebersheim,Customer
customer/c-59,Expression SO,DE,u0w8j388chzc,Ellenfurt 7,88693,Deggenhausertal,Customer
customer/c-60,Strut Method,DE,u22xk8kn4dxw,Rosenheimer Straße 144,83080,Oberaudorf,Customer
customer/c-61,See CREAM,AT,u2dtqp0yvs1s,Steingasse 237,3945,Hoheneich,Customer
customer/c-62,Cats Driver,NL,u1hjum62y8e5,Verlorenhoek 5,5446 XL,Wanroij,Customer
customer/c-63,Yield Ghosts,PL,u3ht25rj3fnt,Spokojna 1,63-430,Uciechów,Customer
customer/c-64,Acts SKINS,DE,u283g1e0y5gm,St.-Martin-Weg 10,85540,Ottendichl,Customer
customer/c-65,Bait Inspire,CH,u0m6ujksfdyr,Rütiweg 20,3076,Richigen,Customer
customer/c-66,Fine Lookout,DE,u1j4nrjyzgpg,Scheurenhof 10a,51789,Linde,Customer
customer/c-67,Manna Pineapples,DE,u3338zsct07q,Friedensplatz 15,14552,Wilhelmshorst,Customer
customer/c-68,Clips Inspire,DE,u1q0cx65v8yf,Schluchtweg 99,32257,Holsen,Customer
customer/c-69,Cooperative Curves,SI,u273p1zp3uvc,Bunčani 40,9241,Wernsee,Customer
customer/c-70,Manna BOLT,DE,u3188hr083xk,Dörnthal 228,09526,Dörnthal,Customer
customer/c-71,Cease Aliment,DE,u1pbscgt94vm,Hengelbach 11,07426,Hengelbach,Customer
customer/c-72,Adjust MELT,DE,u28d187k4prz,Hauptstraße 1,84424,Mittbach,Customer
customer/c-73,George Tradesmen,NL,u1kq2mn125gu,Bosweg 6,9262 SX,Sumar,Customer
customer/c-74,Fig Church,CH,u0m5mfczwfx0,Dorfhausweg 2,3035,Seedorf (BE),Customer
customer/c-75,Farmers SPUR,DE,u0vdq087umfv,Sommerwiese 19,67808,Weitersweiler,Customer
customer/c-76,Vive Amazing,DE,u1qqcq8jsqny,Altendammer Straße 12,27711,Sandhausen,Customer
customer/c-77,Scrap Mortar,DE,u1r6vhsqy8tj,Langenklint 19,38539,Müden (Aller),Customer
customer/c-78,Interact Travelers,DE,u310v4km2rcv,Mühlenstraße 18a,09221,Neukirchen/Erzgebirge,Customer
customer/c-79,Presence SCRAP,DE,u1npubvsrwyy,Grenzweg 41b,33818,Leopoldshöhe,Customer
customer/c-80,Rev Epicurean,FR,u05wumudcxn5,Chemin de la Craz 134,01310,Montcet,Customer
customer/c-81,Southeast Hall,DE,u32jcuqhzmd3,Ringstraße 8,19309,Lenzerwische,Customer
customer/c-82,Really Atmosphere,NL,u177zyt24pky,Langereis 27a,1718 MC,Hoogwoud,Customer
customer/c-83,Buoyant Cats,DE,u2bk6r9wmq6t,Am Stadtwald 22,95497,Sickenreuth,Customer
customer/c-84,Manna Split,FR,u0tjp15tvg8p,Rue des Tilleuls 20 A,67440,Thal bei Maursmünster,Customer
customer/c-85,Lane Notorious,BE,u0uh1b51fyxr,Rue du Monument 25,6637,Saner,Customer
customer/c-86,Automatic Interact,PL,u3kqqqwzu6j7,Rzeczna 7,89-110,Dębowo,Customer
customer/c-87,Fountain Familiar,NL,u1kqvjger5wv,Spriensma's Reed 4,9873 TE,Gerkesklooster,Customer
customer/c-88,Relish Owners,PL,u3hm58ugwdhb,Leśna 9,56-300,Czatkowice,Customer
customer/c-89,Token Surly,BE,u0gyrme9008g,Al Béole 12,6960,Manhay,Customer
customer/c-90,Fillmore Sens,FR,u0d9pm97e5gy,Rue de l'Étang 1,89570,Soumaintrain,Customer
customer/c-91,Canvas Ghosts,DE,u33uf6hcvm6j,Wilhelmstraße 39,16230,Britz,Customer
customer/c-92,Toss George,DE,u0vp3n99nu1y,Ahruferstraße 23,53474,Walporzheim,Customer
customer/c-93,Rye Service,DE,u31tzyt4v7qz,Möllendorf 1,03249,Möllendorf,Customer
customer/c-94,Stuffed REV,SK,u2s6vmw6uugz,Mlynská 1229/72,919 43,Cífer,Customer
customer/c-95,Output Hem,DE,u1h645t5hedz,Am Hanbusch 6,52538,Birgden,Customer
customer/c-96,Turn School,FR,u0kjhfxgkf5x,Grande Rue 32,25170,Chevigney-sur-l'Ognon,Customer
customer/c-97,Anatomy Converse,DE,u1ngxtj1us01,In der Welsebach 38,37247,Trubenhausen,Customer
customer/c-98,Cooper Monroe,DE,u2b8tz1swcdg,Sonnenrieder Straße 1,92442,Rauberweiherhaus,Customer
customer/c-99,Farmers TINT,CZ,u2c7nqkxq42g,Na Stráži 42/19,318 00,Malesitz,Customer
customer/c-100,Journeys Monument,CH,u0mkykc85jcb,Grebliweg 8b,4538,Oberbipp,Customer
customer/c-101,Adjust construct,DE,u0rny299nsrn,Am Freibad 3,87547,Missen-Wilhams,Customer
customer/c-102,City Homage,NL,u1kqzmsdz2jc,Hoendiep Noordzijde 19,9843 TG,Grijpskerk,Customer
customer/c-103,Market Apartment,PL,u3krs0qs002q,Wybudowanie 1,89-410,Witunia,Customer
customer/c-104,Oasis Edge,BE,u0gtdnn2nthc,Soinne 3,5561,Celles,Customer
customer/c-105,Uncut Stables,DE,u3885x4vwyq9,Lübzer Chaussee 2,19386,Broock,Customer
customer/c-106,Surgery Eminence,DE,u2bb9cpz6vrx,Poggersdorf 3,92431,Poggersdorf,Customer
customer/c-107,Salt Organic,PL,u3edm2eynk74,Spółdzielcza 15,78-450,Gramenz,Customer
customer/c-108,Split Culture,DE,u3477xhgfhcx,Zur Alten Mühle 7,02694,Malschwitz,Customer
customer/c-109,Genuine Hear,DE,u327v5cdrm11,Grabenstraße 4,39579,Klein Schwechten,Customer
customer/c-110,Lyric Sarah,DE,u0wxwymg6w81,Erlenbachstraße 5,74626,Adolzfurt,Customer
customer/c-111,Philosophy Gamut,AT,u292799239f0,Buchnerweg 5,5301,Eugendorf,Customer
customer/c-112,Week Farmers,BE,u15db4swhj9e,Heidestraat 61,2260,Tongerlo,Customer
customer/c-113,Organic Arc,IT,u21r2zye8kwu,Via Nazionale 68,33010,Alesso,Customer
customer/c-114,Diana SMITH,BE,u0gxmdwufp17,Rue de la Poterie 2,4500,Ben,Customer
customer/c-115,Printers Habit,NL,u176xzmzjjgv,Kanaaldijk 52,1456 BG,Neck,Customer
customer/c-116,Tonic Automatic,PL,u36zf6gc62yg,Na Stawach 10,73-121,Trąbki,Customer
customer/c-117,Populous ACRE,AT,u27ecemh7ft6,Tanczosberg 6,7542,Rehgraben,Customer
customer/c-118,Thread Presence,FR,u0fdx7rsyr1b,Ferme de Beauvois 4,02350,Goudelancourt-lès-Pierrepont,Customer
customer/c-119,Cultivate Apartment,DE,u2bms0w60ep6,Gartenstraße 9,95213,Gottersdorf,Customer
customer/c-120,Beauty Quickly,PL,u36e1434h5rx,Fryderyka Chopina 5,66-436,Sonnenburg,Customer
customer/c-121,Singular Ben,DE,u32hbkbts72d,Volzendorf 37,29485,Volzendorf,Customer
customer/c-122,Hired Compass,PL,u37cu2rbz8tq,Krokusowa 5,62-070,Konradsfeld,Customer
customer/c-123,Butter David,DE,u0uwyhgktg9g,B 51 1,53945,Blankenheim,Customer
customer/c-124,Vital Text,AT,u0r57mvz00wh,Islaweg 79,6791,Gortipohl,Customer
customer/c-125,Epicurean TRES,BE,u15ct6jyszr2,Oude Heidestraat 10,3740,Munsterbilzen,Customer
customer/c-126,South South,DE,u1kgj8b6tn9g,Vechtetalstraße 3,49846,Hoogstede,Customer
customer/c-127,David easy,NL,u1h5pqee27np,Maasstraat 25A,6049 CC,Herten,Customer
customer/c-128,Jeff Cats,DE,u1q4v957p7y1,Diekstraße 15,49419,Ströhen,Customer
customer/c-129,Voila level,BE,u149kx5vzpuu,Gaverbosdreef 45,9630,Sint-Maria-Latem,Customer
customer/c-130,Endless Monroe,SK,u2sgchvkgyc5,Hlohovecká 77/113,956 07,Veľké Ripňany,Customer
customer/c-131,Vagabond Joy,AT,u2e17ubwbf8k,Bahnzeile 14,3161,Gemeinde St. Veit an der Gölsen,Customer
customer/c-132,So Prospect,NL,u1khm00nqxf1,Uiterdijkenweg 3-TR,8315 PK,Luttelgeest,Customer
customer/c-133,Emilie COACH,BE,u1h042jskp6k,Rue des Houyeux 5,4630,Micheroux,Customer
customer/c-134,Spices Jones,DE,u1mx5mp9xc3s,Leerer Straße 10,26655,Moorburg,Customer
customer/c-135,Be Festivities,AT,u27hs4x0k5t6,Hofstraße 1,8160,Krottendorf,Customer
customer/c-136,Slap Market,NL,u14svnxz5948,Grevelingenstraat 8,4456 BK,Lewedorp,Customer
customer/c-137,Evolution Eats,DE,u28bn8p92xvb,Ramberger Weg 48,83346,Bernhaupten,Customer
customer/c-138,Yup Bask,CZ,u2ce2we0nxuw,Americká 1217,330 11,Zaluschen,Customer
customer/c-139,Interact Fowler,DE,u1q89msqymgg,Gellndorfstraße 60,31840,Rumbeck,Customer
customer/c-140,School Cherish,FR,u05yezknd7r3,La Treille 127,01250,Romanèche,Customer
customer/c-141,Gainfully Kids,DE,u1rxjfsfzr4q,Deichweg 23,21354,Alt Garge,Customer
customer/c-142,Rouse Assembly,CH,u0m3mfdcs38d,Nordgrat 98b,3752,Wimmis,Customer
customer/c-143,Levy REV,PL,u37gwn372eus,Ogrodowa 22,64-600,Dąbrówka Leśna,Customer
customer/c-144,Slap Populous,NL,u1ky9f5wemrw,Hoofdweg 17,9615 AA,Kolham,Customer
customer/c-145,Pride Alpha,DE,u0vq87gm996y,Laacher See Straße 42,56637,Plaidt,Customer
customer/c-146,Wasteland Evolution,NL,u1k2xyf39r13,Ehzerallee 2,7218 BS,Almen,Customer
customer/c-147,Act Rapid,DE,u1h6p84168ge,Erzelbach 4,52441,Gevenich,Customer
customer/c-148,Keep Quest,CH,u0mkmnw6453y,Eibenweg 19,4553,Subingen,Customer
customer/c-149,Vive Capitol,AT,u2e89x0dusu7,Günselsdorferstraße 9,2544,Gemeinde Leobersdorf,Customer
customer/c-150,Bask Coast,PL,u34ye3e610g9,Żagańska 3,66-010,Groß Dobritsch,Customer
customer/c-151,Perspective Sauce,DE,u0uww469q4z9,Dahlemer Straße 34a,54585,Esch,Customer
customer/c-152,Sorrel Singular,DE,u0tcp92cm4w6,Lindenbergweg 15,78052,Tannheim,Customer
customer/c-153,Robin LANE,NL,u1h5tsectc3r,Aan de Bergen 5,6093 NW,Heythuysen,Customer
customer/c-154,Mix Giddy,DE,u22p9hx9w70f,Hauptstraße 34a,82387,Antdorf,Customer
customer/c-155,Thrive Multitudes,FR,u0s75c9hmjx4,Rue Frédéric Chopin 164,88500,Ambacourt,Customer
customer/c-156,Fly Delirium,AT,u26te4g7d6js,Badgasse 2,8773,Kammern im Liesingtal,Customer
customer/c-157,Acre Center,DE,u1j4gx70wr7n,Unterpohlhausen 32,42929,Pohlhausen,Customer
customer/c-158,Minerals BAIT,PL,u37bhkpd6bvb,Wodna 2,64-005,Racot,Customer
customer/c-159,Monroe thrive,DE,u0y7ws7983tq,Eichwaldstraße 7,63853,Mömlingen,Customer
customer/c-160,Dine Revolution,DE,u1m3ycqvvndf,Eschweg 7,49509,Steinbeck,Customer
customer/c-161,Experts Verso,DE,u0xjpjs5q4cw,Burrenweg 2,89520,Aufhausen,Customer
customer/c-162,Aaa Curiosities,PL,u35cm1y8ngx8,Majowa 3,55-050,Sulistrowice,Customer
customer/c-163,Fame Manual,AT,u26uvfqq3qpw,Trötschweg 5,8102,Schönegg,Customer
customer/c-164,Jones Vagabond,NL,u1hk5uj6mtcg,Ruys de Beerenbrouckstraat 169,5931 HD,Tegelen,Customer
customer/c-165,Thunder Bold,CH,u0m559mn8wsr,Leimacher 38,3215,Gempenach,Customer
customer/c-166,Control ether,DE,u29nyukz6ex0,Hochbühl 29,94244,Frankenried,Customer
customer/c-167,Page ,CZ,u2uh169jbz9c,Na Viskách 673,789 61,Blauda,Customer
customer/c-168,Market Silk,CZ,u2u21chp2qtg,Střílecká ev.19,768 02,Těšánky,Customer
customer/c-169,Lark Ancestry,DE,u287hpbj7q2z,Raiffeisenstraße 25,85356,Attaching,Customer
customer/c-170,Five Turn,DE,u34k53ws3jt3,Neudorfer Straße 430,02943,Kaschel,Customer
customer/c-171,Amber True,DE,u2cxcyjchwfm,Deutschkatharinenberg 30,09548,Deutschkatharinenberg,Customer
customer/c-172,Noise Magnetic,AT,u26p4xwgmcpx,Hutterer Böden 1,4573,Hinterstoder,Customer
customer/c-173,Hearth Hughes,FR,u0u000fge97p,Rue du Brouvant 22,55400,Étain,Customer
customer/c-174,Organic Evolution,DE,u1q2evp7n6v1,Bremer Straße 8a,32689,Langenholzhausen,Customer
customer/c-175,Amber Faith,BE,u15e0te89s3d,Bottenhoef 20,2440,Larum,Customer
customer/c-176,Sauce FUSE,DE,u1m8db1gn8hy,Zur Wassermühle 3,49536,Kattenvenne,Customer
customer/c-177,Hem construct,DE,u31gqmmxs2eb,Alwin-Richter-Weg 2,01896,Oberlichtenau,Customer
customer/c-178,Engine FrameWork,CZ,u31b1c8twkwq,Hliněná 218,415 01,Hundorf,Customer
customer/c-179,Breathe Ruse,FR,u0798yvmw31k,Rue de Bavent 13,71370,Ouroux-sur-Saône,Customer
customer/c-180,Steep Quest,DE,u398e0j8k09d,Dorfstraße 13,17349,Neetzka,Customer
customer/c-181,Secrets Origin,CZ,u2exx7v01er3,Komenského 702/29,664 47,Střelice,Customer
customer/c-182,Coach Max,DE,u1w8r2kkpvvv,Lusthoop 8,21698,Bargstedt,Customer
customer/c-183,Hearth Relish,DE,u33vj3pruexj,Weißensee 19,16230,Brodowin,Customer
customer/c-184,Alarm spices,AT,u27w5j22jbpy,Lehen 7,2860,Kirchschlag in der Buckligen Welt,Customer
customer/c-185,High Curves,DE,u1m934j9jj79,Ibbenbürener Straße 16,49479,Laggenbeck,Customer
customer/c-186,Hearth Access,BE,u1511zcvbsnj,Avenue Commandant Vander Meeren - Commandant Vander Meerenlaan 13,1070,Moortebeek,Customer
customer/c-187,Construct Diana,DE,u34nbuv61jhk,Zweite Kolonie 27,03096,Burg (Spreewald),Customer
customer/c-188,Steep Shell,PL,u3hej28w8yfn,Długa 3,46-134,Głuszyna,Customer
customer/c-189,Spur Magazine,CZ,u348vmdwc54y,Heřmánková 101,460 01,Machendorf,Customer
customer/c-190,Bolt Musicians,CH,u0m55ten53s2,Gurzelenstrasse 22,3216,Ried bei Kerzers,Customer
customer/c-191,Cream Buoyant,NL,u15nt6z5p88s,Botweg 1b,3286 LB,Klaaswaal,Customer
customer/c-192,Family Keep,DE,u1mwgyrv66uv,Max-Eyth-Straße 12-18,26655,Fikensolt,Customer
customer/c-193,Presence Thunder,DE,u0tsqb79pgbx,Ringstraße 17a,77704,Stadelhofen,Customer
customer/c-194,Brilliant beauty,CH,u0m735u7rr80,Mittelstrasse 59b,3038,Oberlindach,Customer
customer/c-195,Cats Slide,CH,u0hq8djqdwvm,Route d'Athenaz 9,1285,Sézegnin,Customer
customer/c-196,Expression Carbon,DE,u1hqt8tpcdxe,Bienenstraße 5,47551,Hasselt,Customer
customer/c-197,Origins Base,DE,u38d7r3u82tj,Neu Kassow 6,18258,Kassow,Customer
customer/c-198,Levy Magazine,DE,u0zbg8umrqbt,Erlbachstraße 20,90455,Gaulnhofen,Customer
customer/c-199,Gamut GLOW,DE,u0ynk4h5mbz1,Amselstraße 11,61273,Pfaffenwiesbach,Customer
customer/c-200,Earnest Enclosed,NL,u17tqz4w0yxh,Abschlussdeich 164,8766 TS,Makkum,Customer
customer/c-201,Bold City,NL,u15ws85ttjj8,Maasdijk 191a,4261 AJ,Wijk en Aalburg,Customer
customer/c-202,Stanford CULTIVATE,DE,u0tpe6up3hss,Zur Ruppwiese 72,66453,Reinheim,Customer
customer/c-203,Dandy Teeth,DE,u0mqw180up1z,Hornrain 16,79639,Grenzach,Customer
customer/c-204,Tender Segment,NL,u15tyj4vn372,Margrietweg 1,5268 LW,Helvoirt,Customer
customer/c-205,Verso JAM,AT,u0quqfsksf5m,Sägebachstraße 12,6714,Nüziders,Customer
customer/c-206,Rams FORGE,DE,u33dxz2yzwj5,Westring 82,15366,Bollensdorf,Customer
customer/c-207,Vital Affinity,DE,u33f2y471jb2,Fasanenstraße 35,15569,Woltersdorf,Customer
customer/c-208,Lids Whirlwind,DE,u333grx2kcpd,Friedenstraße 14,14532,Güterfelde,Customer
customer/c-209,Owl Molecular,DE,u339v65vr89c,Freiligrathstraße 124,15732,Schulzendorf,Customer
customer/c-210,Paint Palace,DE,u33fbgxudx77,Busentscher Weg 56a,15370,Fredersdorf-Vogelsdorf,Customer
customer/c-211,Eminence Robin,DE,u33d1fkthnpn,Karl-Marx-Straße 144,12529,Großziethen,Customer
customer/c-212,Spruce COACH,DE,u33dx9r2er72,Brandenburgische Straße 180,15566,Schöneiche bei Berlin,Customer
customer/c-213,Southeast Manifold,DE,u336bv66y6x5,Hauptstraße 32,14624,Dallgow-Döberitz,Customer
customer/c-214,Thrive Calm,DE,u3366p525f8h,Wendensteig 13,14476,Groß Glienicke,Customer
customer/c-215,Provision Sarah,DE,u337wpypfb0p,Hauptstraße 56,16547,Birkenwerder,Customer
customer/c-216,Stronghold Assembly,DE,u339v63v74kg,Kölner Straße 37,15732,Schulzendorf,Customer
customer/c-217,Gateway Vive,DE,u33ehzts1pmr,Bundespolizeiallee 1,16356,Neu-Lindenberg,Customer
customer/c-218,Fable Apartment,DE,u33ft94vcrfu,Frankfurter Chaussee 58,15345,Zinndorf,Customer
customer/c-219,Verso Resolute,DE,u33dxw2q35gd,Jenaer Straße 22,15366,Neuenhagen bei Berlin,Customer
customer/c-220,Giddy Marsh,DE,u33ffse613ve,Landhausstraße 7,15345,Petershagen/Eggersdorf,Customer
customer/c-221,Avenue Capitol,DE,u33fgnzn0qwe,Altlandsberger Chaussee 2,15344,Postbruch,Customer
customer/c-222,Office Prowl,DE,u33dy5dx40e7,Krumme Straße 2,15366,Hönow,Customer
customer/c-223,Jeff Lyric,DE,u336dx661zyd,Mühlenweg 3,14624,Seeburg,Customer
customer/c-224,West Tout,DE,u33f8trbj4th,Frankfurter Chaussee 68,15370,Fredersdorf-Vogelsdorf,Customer
customer/c-225,Bite Reaction,DE,u3374wxte4ye,Richard-Wagner-Straße 20,14621,Schönwalde-Glien,Customer
customer/c-226,Perspective Adapt,DE,u336n0hptvx4,Oskar-Pollner-Straße 63a,14513,Ruhlsdorf,Customer
customer/c-227,Space Ascend,DE,u33er5v8c23h,Uferpromenade 12,16356,Seefeld,Customer
customer/c-228,Yup Fable,DE,u33fbb69cq6x,Gustav-Freytag-Straße 7,15370,Fredersdorf-Vogelsdorf,Customer
customer/c-229,Noise ACRE,DE,u33er7dxzmpy,Uferpromenade 43,16356,Seefeld,Customer
customer/c-230,Candles Orange,DE,u33dyg8rnp8c,Bamberger Straße 25,15366,Hönow,Customer
customer/c-231,Neighborhood LEVY,DE,u333gxdjh3s5,Potsdamer Damm 11 B,14532,Güterfelde,Customer
customer/c-232,Shipping Origins,DE,u33f3pdhep75,Fontanestraße 13,15562,Rüdersdorf,Customer
customer/c-233,Thrive VOILA,DE,u33e2jbhgfb6,Karl-Liebknecht-Straße 98A,16548,Schildow,Customer
customer/c-234,Resolute Center,DE,u33fuhu8g5eg,Clara-Zetkin-Straße 18,15345,Rehfelde,Customer
customer/c-235,Legion Perch,DE,u33f6ckw5f3k,Burgwallstraße 17b,15537,Grünheide (Mark),Customer
customer/c-236,Savor Citizen,DE,u33dyr0s779v,Dorfstraße 21,15366,Hönow,Customer
customer/c-237,Streak Prospect,DE,u339vnpn48ju,Waldstraße 88,15732,Schulzendorf,Customer
customer/c-238,Trestle Rye,DE,u33fceb3mqmv,Bruchmühler Straße 118,15370,Petershagen/Eggersdorf,Customer
customer/c-239,Quest raw,DE,u337rvyfdtrn,Wiesenweg 13,16548,Schildow,Customer
customer/c-240,Straw Genuine,DE,u33g87b9jk0c,Weesower Straße 12,16356,Schönfeld,Customer
customer/c-241,Sartorius Standard,DE,u33gkdfgj9sg,Am Weiher 1,15345,Gielsdorf,Customer
customer/c-242,Melt BASIC,DE,u333usuebhdw,Großbeerenstraße 25 D,14532,Güterfelde,Customer
customer/c-243,Grooves Tempest,DE,u33dp8v9gngg,Am Bergpark 10 12,15537,Gosen,Customer
customer/c-244,Owl Candles,DE,u33fewcju4yx,Rehfelder Straße 30b,15378,Hennickendorf,Customer
customer/c-245,Cabin Tested,DE,u33fs3tfykqn,Waldblick 9,15345,Lichtenow,Customer
customer/c-246,Wish Branch,DE,u33ev344bjb9,An der Plantage 27,16321,Ladeburg,Customer
customer/c-247,Savor Journeys,DE,u33ejz7z9kxz,Gartenstraße 10,16356,Blumberg,Customer
customer/c-248,Text BE,DE,u33ehxbjgx0g,Gudrunstraße 22a,16356,Lindenberg,Customer
customer/c-249,Title FAME,DE,u33ej8ckw4q2,Mehrower Weg 1d,16356,Eiche,Customer
customer/c-250,Ascend Ancestry,DE,u33fvqcetpt8,Hohensteiner Pflaster 9,15344,Hohenstein,Customer
customer/c-251,Recourse Ark,DE,u33f2wfzun07,Widdersteig 4,15566,Schöneiche bei Berlin,Customer
customer/c-252,Warehouse Turn,DE,u33fftrb2h2t,Bötzseestraße 112b,15345,Petershagen/Eggersdorf,Customer
customer/c-253,Calm Brilliant,DE,u33drxkkkerd,Parkstraße 1,15566,Schöneiche bei Berlin,Customer
customer/c-254,Fuse Delirium,DE,u33ehrq20vd7,Birkholzer Allee 1a,16356,Lindenberg,Customer
customer/c-255,Junior Group,DE,u33fb0re6t5h,Müllerstraße 32,15366,Bollensdorf,Customer
customer/c-256,Stuffed Rev,DE,u336dqmtgu29,Amselweg 6,14624,Seeburg,Customer
customer/c-257,Journey Dine,DE,u33dy7bqtmmh,Am Lärchengrund 5,15366,Hönow,Customer
customer/c-258,Goodwill Aliment,DE,u33e9z5n2rmf,Hauptstraße 64,16348,Schönwalde,Customer
customer/c-259,Oracle Silk,DE,u33fvkfsn9kh,Altes Forsthaus 1,15345,Garzau,Customer
customer/c-260,Branch Hall,DE,u33dze5fj9yz,Johanna-Solf-Straße 162,15366,Neuenhagen bei Berlin,Customer
customer/c-261,Garcon Bond,DE,u33775ykb50p,An den Bauernhörsten 3,14621,Schönwalde-Glien,Customer
customer/c-262,Branch Warehouse,DE,u33ej1tfmczc,Straße der Jugend 6,16356,Eiche,Customer
customer/c-263,Parade CREAM,DE,u33g0zfvwhxk,Ahornweg 3,15345,Wegendorf,Customer
customer/c-264,Bask FAME,DE,u33emgbyd6k7,Elisenauer Straße 7,16356,Blumberg,Customer
customer/c-265,Receiver Beaux,DE,u33emeryyt5j,Elisenauer Straße 3,16356,Blumberg,Customer
customer/c-266,District starters,DE,u33fcgru52f7,Georgstraße 9,15345,Petershagen/Eggersdorf,Customer
customer/c-267,Staples ESTABLISH,DE,u3376b2cx93v,Fehrbelliner Straße 17g,14621,Schönwalde-Glien,Customer
customer/c-268,Aaa SPUR,DE,u33fhcsx34x6,Uferstraße 6,15537,Grünheide (Mark),Customer
customer/c-269,Uncut Oasis,DE,u33cgpw26mp8,Am Störitzsee 1,15537,Grünheide (Mark),Customer
customer/c-270,Sens philosophy,DE,u33fbtphe239,Cranachstraße 14,15370,Fredersdorf-Vogelsdorf,Customer
customer/c-271,Canvas state,DE,u339vmnd2jw1,Paarmannstraße 23,15732,Schulzendorf,Customer
customer/c-272,Effigy Oracle,DE,u33eq1tvekbe,Straße an der Bahn 12,16356,Blumberg,Customer
customer/c-273,Inspire Marsh,DE,u33ej30h27h2,Am Graben 21,16356,Eiche,Customer
customer/c-274,Spices Curiosities,DE,u33emw49d536,Ahornallee 2,16321,Birkholzaue,Customer
customer/c-275,Identified Thunder,DE,u33fv2vsubmc,Werdersche Dorfstraße 77,15345,Werder,Customer
customer/c-276,Trace raw,DE,u3374w7btvk5,Kurmärkische Straße 44,14621,Schönwalde-Glien,Customer
customer/c-277,Imprint Remind,DE,u33fd5cc33j9,Am Stienitzsee 4,15562,Rüdersdorf,Customer
customer/c-278,Brigade FAME,DE,u33fubzjfzw2,Am Buschweg 4,15345,Werder,Customer
customer/c-279,Distribute Regard,DE,u33fuezwnnwj,August-Bebel-Straße 46,15345,Rehfelde,Customer
customer/c-280,Robin Stanford,DE,u3375n14pqks,Großer Ring 69,14621,Schönwalde-Glien,Customer
customer/c-281,Steep Tilt,DE,u33fyj706fj0,Dorfstraße 3,15345,Garzin,Customer
customer/c-282,Evolution Eden,DE,u33eq13mw9md,Straße an der Bahn 56,16356,Blumberg,Customer
customer/c-283,Amber CANOPY,DE,u33ftph0r08r,Siedlerstraße 23,15345,Zinndorf,Customer
customer/c-284,Ferguson Lavish,DE,u33ekpkt9tux,Altonaer Straße 13,16341,Schwanebeck,Customer
customer/c-285,Jones About,DE,u33fd24bfe5r,Karl-Liebknecht-Straße 2e,15562,Rüdersdorf,Customer
customer/c-286,Trademark Creation,DE,u33fd2wen2n0,Hemmoor-Ring 95,15562,Rüdersdorf,Customer
customer/c-287,Perch Revolution,DE,u33g0xrssxgw,Gewerbezentrum 2,15345,Wegendorf,Customer
customer/c-288,Pulse GROOM,DE,u33f6pr8gmb6,Schloßweg 28,15562,Rüdersdorf,Customer
customer/c-289,Familiar Cabin,DE,u3362p1fyd1w,Marquardter Straße Ausbau 1,14476,Fahrland,Customer
customer/c-290,Token Homage,DE,u339ynhn4rv6,Schmöckwitzer Straße 32,15732,Eichwalde,Customer
customer/c-291,Alarm Sauce,DE,u33fb9tq59c8,Waldweg 26,15370,Fredersdorf-Vogelsdorf,Customer
customer/c-292,Alma Salon,DE,u336cefts69g,Bahnhofstraße 19,14624,Dallgow-Döberitz,Customer
customer/c-293,Driver Soldier,DE,u33gqjv763f7,Strausberger Straße 31,15345,Prötzel,Customer
customer/c-294,Beauty Organic,DE,u33ekwdu4km8,Bernauer Chaussee 31,16341,Schwanebeck,Customer
customer/c-295,Receiver Mission,DE,u339ukhqpbs4,Diepenseer Straße 10,12529,Waltersdorf,Customer
customer/c-296,Hope Eats,DE,u33762jm6xxr,Falkenseer Straße 110,14621,Schönwalde-Glien,Customer
customer/c-297,Remind Curves,DE,u33dz3exwqpu,Fontanestraße 42,15366,Neuenhagen bei Berlin,Customer
customer/c-298,Alterations True,DE,u337vbedjv7r,Industriestraße 20,16547,Birkenwerder,Customer
customer/c-299,Marquette title,DE,u33emz1mdr7z,Helenenauer Weg 2,16356,Blumberg,Customer
customer/c-300,Smith Beaux,DE,u33g300up8xw,Alte Dorfstraße 16,15345,Wegendorf,Customer
customer/c-301,Citizen House,DE,u33dy8ekj4g8,Im Busch 5,15366,Dahlwitz-Hoppegarten,Customer
customer/c-302,Fly Five,DE,u33fuksb3ukm,Goethestraße 87,15345,Rehfelde,Customer
customer/c-303,Indeed Southeast,DE,u1jd43mrdsgk,Auf dem Stein 11,57482,Gerlingen,Customer
customer/c-304,South Goodwill,DE,u0vz6n9xyjb0,Im Bienengarten 20,35799,Reichenborn,Customer
customer/c-305,Ceremony Kids,DE,u0vxwnnz7tzw,Westerburger Straße 30 A,56459,Winnen,Customer
customer/c-306,Uncut LANE,DE,u1jccxrdztgy,Gillerbergstraße 28,57271,Lützel,Customer
customer/c-307,Iris Journeys,DE,u0vxc0tc72xn,In den Erlen 9,56244,Schenkelberg,Customer
customer/c-308,Savor Polish,DE,u1j2vruttjw1,Am Waldkrankenhaus 15,51570,Rüddel,Customer
customer/c-309,Mine Tides,DE,u1j3w0sq8wgk,In der Gasse 9,51545,Neuenhof,Customer
customer/c-310,Printers Owners,DE,u1jcgepje8bz,Ludwigseck 25,57339,Erndtebrück,Customer
customer/c-311,Really Chambers,DE,u0vz66e2t5bj,Untergasse 17,35799,Merenberg,Customer
customer/c-312,Tonight Really,DE,u1j8xdd73pud,Zur Eisenkaute 7,57299,Burbach,Customer
customer/c-313,Tilt Origin,DE,u1j9e6yqb7hr,Weibeweg 3,57258,Büschergrund,Customer
customer/c-314,Church Character,DE,u1jcd3j3wwpt,Pappelweg 22,57250,Nenkersdorf,Customer
customer/c-315,Loom Eats,DE,u1j92xu1e43n,Kappenstein 5,51598,Friesenhagen,Customer
customer/c-316,Frances Grooves,DE,u1jb89866bdy,Oranienstraße 20a,57299,Lützeln,Customer
customer/c-317,Otto services,DE,u1jbfybjp4d6,An der Hasel 10,35708,Fellerdilln,Customer
customer/c-318,Forge Text,DE,u1j858eze8vg,Brückenstraße 9,57647,Nistertal,Customer
customer/c-319,Yelp Otto,DE,u1jch4exbhjg,Vor der Heide 13,35708,Weidelbach,Customer
customer/c-320,Verso Faith,DE,u1j9yjpnd4nm,Marburger Straße 169,57223,Ferndorf,Customer
customer/c-321,Calm Thunder,DE,u0vxfdru7b50,Steinebacher Ring 2,57629,Linden,Customer
customer/c-322,Scout Tempest,DE,u1j9xtw8tpzh,Dreisbachstraße 60,57250,Dreis-Tiefenbach,Customer
customer/c-323,Giddy Thrive,DE,u1j8hp653jy8,Tannenweg 7,57648,Bölsberg,Customer
customer/c-324,Vacation Think,DE,u1j2y4yfnw4b,Narzissenweg 5,51570,Au,Customer
customer/c-325,Voila Orange,DE,u1j9dkyq3hmm,Kleintirolstraße 93,57258,Hohenhain,Customer
customer/c-326,Spices Century,DE,u1j9kxusu269,Heisberger Straße 209,57258,Alchen,Customer
customer/c-327,Monarch COACH,DE,u1j9m04kk0nv,Höhenweg 53,57555,Mudersbach,Customer
customer/c-328,Manual FORGE,DE,u1j8s8fg16r2,Langenbacher Straße 17,57586,Weitefeld,Customer
customer/c-329,Alarm Substantial,DE,u1j8b3ety5cy,Vor der Hohnert 18,57537,Glatteneichen,Customer
customer/c-330,Noise Goodwill,DE,u1j2nm815jj3,Mühlenweg 22,57614,Oberwambach,Customer
customer/c-331,Jane Text,DE,u1j9tjs58ekt,Hof Altenberg 1,57078,Langenholdinghausen,Customer
customer/c-332,Hearth Ascend,DE,u1jd0gpm4xbs,Zur Vogelstange 11,57489,Iseringhausen,Customer
customer/c-333,Cabin Slate,DE,u1jc1w8n7szr,Eichertshecke 10,57234,Rudersdorf,Customer
customer/c-334,Magnetic Perspective,DE,u1j87yxp54np,Hauptstraße 1b,57520,Neunkhausen,Customer
customer/c-335,Raw Keep,DE,u1j9fpffcmmz,Gerlinger Weg 66,57482,Hillmicke,Customer
customer/c-336,Loop Spire,DE,u1j9fzdg65jb,Schlehdornweg 14,57482,Möllmicke,Customer
customer/c-337,Spire Bolt,DE,u1jbgnpexrcv,Grundstraße 57,35708,Niederroßbach,Customer
customer/c-338,Enlightenment ,DE,u1j8yqtfj4qk,Fritz-Schäfer-Straße 26,57290,Salchendorf,Customer
customer/c-339,Set Studio,DE,u1jcd23zfqcn,Sieg-Lahn-Straße 5,57250,Nenkersdorf,Customer
customer/c-340,Lookout Phil,DE,u1j3ny3c2dcd,Holpener Straße 20,51597,Steimelhagen,Customer
customer/c-341,Wish Stanford,DE,u1jbgrpzceg5,Kurtenbach 24,35708,Oberroßbach,Customer
customer/c-342,Magnetic Clever,DE,u1jcm8qj7bf2,Nonnbachstraße 34,35716,Mandeln,Customer
customer/c-343,Apt ether,DE,u1j9mng9due5,Im Alten Hoff 39,57072,Seelbach,Customer
customer/c-344,Tradition Landau,DE,u1j97u572x7m,Kirbergstraße 2,57258,Niederndorf,Customer
customer/c-345,Musicians Dine,DE,u1j9bb64us5s,Im Freien Feld 21,51580,Wildberg,Customer
customer/c-346,Hope Roots,DE,u1j930knf8dr,K 77 3,51598,Friesenhagen,Customer
customer/c-347,Canvas Stanford,DE,u1j9dqv9prjr,Heiligenborn 2,51598,Friesenhagen,Customer
customer/c-348,Thrive Bold,DE,u1jcd3j26kp7,Pappelweg 20,57250,Nenkersdorf,Customer
customer/c-349,Marmalade construct,DE,u1j9wpudrubk,"Auf der Hube 40,40a",57223,Buschhütten,Customer
customer/c-350,Pavilion Regard,DE,u0vz2qddgptc,Feigenmühle 1,65620,Hausen,Customer
customer/c-351,Max Farmers,DE,u1j9fjdete8f,Ritterstraße 16,57482,Rothemühle,Customer
customer/c-352,About Elevate,DE,u1jcxz3xzeyc,In der Aue 28,57334,Niederlaasphe,Customer
customer/c-353,Pineapples Goodwill,DE,u0vrz8gkqbv6,Neustraße 12,56244,Freirachdorf,Customer
customer/c-354,Beekeeper SPiN,DE,u1jbc30r7kj4,Heimhofstraße 19,57299,Wasserscheide,Customer
customer/c-355,Trestle Rouse,DE,u1jc3zq87bnm,In der Hälsbach 29,57250,Grissenbach,Customer
customer/c-356,Apt Gap,DE,u1j99wu7sv1g,K 83 1,51598,Hammerhöhe,Customer
customer/c-357,Amber Envoy,DE,u1j2x14cpxsz,Silberstraße 13,57612,Eichelhardt,Customer
customer/c-358,Monica Commonwealth,DE,u1j9ry9j14yf,Am Hümberg 1,57074,Breitenbach,Customer
customer/c-359,Mission Coast,DE,u1jfhg5sr7eq,Neustadt 10,57339,Schameder,Customer
customer/c-360,Lifted Epicurean,DE,u1j8uh8246x2,Talstraße 71,57520,Grünebach,Customer
customer/c-361,Cease Substantial,DE,u1n1cquvc1rt,Hof Rhoda 6,35116,Hatzfeld,Customer
customer/c-362,Hughes Elevate,DE,u0vxky11s9dq,Stegstraße 4,56459,Guckheim,Customer
customer/c-363,Assembly Adjust,DE,u0vxt1jnke3y,Hohenstein 14,56457,Sainscheid,Customer
customer/c-364,Ceremony breathe,DE,u1jd0dnngem4,Lärchenweg 15,57489,Halbhusten,Customer
customer/c-365,Gather AAA,DE,u1j3jpu4jgmz,Am Kamp 15,51545,Seifen,Customer
customer/c-366,Finest Engine,DE,u0vxy4uht6my,Ringstraße 24,56459,Pottum,Customer
customer/c-367,Really Heartfelt,DE,u1j85wj92dkm,Im Wickelfeld 26,57648,Korb,Customer
customer/c-368,Fable Cider,DE,u1j2jp5fs3x7,Im Hommersgarten 20,57638,Schöneberg,Customer
customer/c-369,Stitch Singly,DE,u0vx2fwk51z1,Am Merzelbach 6,56244,Vielbach,Customer
customer/c-370,Un Five,DE,u1j9vs6jmsjp,Vorm Mühlberg 11,57223,Fellinghausen,Customer
customer/c-371,Reaction Pineapples,DE,u1j9xm3vhb2s,Annette-von-Droste-Hülshoff-Straße 29,57250,Dreis-Tiefenbach,Customer
customer/c-372,Rev CULTIVATE,DE,u1jbdq2q0u86,Auf der Hofstadt 9,35708,Allendorf,Customer
customer/c-373,Monarch March,DE,u1jcwzrm3kpj,Wittgensteiner Straße 1,57334,Laaspherhütte,Customer
customer/c-374,Skins Jane,DE,u1j3m6eph4ru,Auf der Huth 8,51545,Krahwinkel,Customer
customer/c-375,Church Century,DE,u0vz2nmw0f5g,Waldstraße 18,65620,Hausen,Customer
customer/c-376,Habit Lookout,DE,u1jb9k3x4ub3,Flammersbacher Straße 12,57299,Holzhausen,Customer
customer/c-377,Kiss Knox,DE,u1jd49f1z9tc,Bartoldusstraße 4,57482,Gerlingen,Customer
customer/c-378,Fly Wing,DE,u1jcqx09hfx3,Hesselbacher Straße 57,57334,Hesselbach,Customer
customer/c-379,Trestle Gusto,DE,u1jc1t7ned5x,"Tannenhof 1,3",57234,Rudersdorf,Customer
customer/c-380,Fichu Tonic,DE,u1jc04d4czgk,Elkersberg 5,57234,Wilden,Customer
customer/c-381,Framework Compass,DE,u1n10zdmu7vm,Quotshäuser Weg 22,35239,Niedereisenhausen,Customer
customer/c-382,Parsnips CEASE,DE,u1j2qd7bs3cq,Mühlenweg 19,57610,Michelbach,Customer
customer/c-383,Finest beauty,DE,u1jdp1w82w92,Winterbachstraße 49,57271,Müsen,Customer
customer/c-384,Lyric DESIGN,DE,u1j9tjn8mnj2,Iderbachstraße 28,57078,Langenholdinghausen,Customer
customer/c-385,Smith EARN,DE,u0vxgcewvh92,Ringstraße 22,56459,Bellingen,Customer
customer/c-386,Louis Fluid,DE,u1j8yu69ttjz,Frankfurter Straße 7,57290,Wiederstein,Customer
customer/c-387,Hope Strut,DE,u1jc2pfvfh90,Bremerlingweg 45,57074,Breitenbach,Customer
customer/c-388,Calm Tradition,DE,u1jfj6rtemth,Balder Straße 1,57339,Balde,Customer
customer/c-389,Molecular gather,DE,u1j8ktmmwgwt,In der Steinhecke 24,57520,Langenbach bei Kirburg,Customer
customer/c-390,Thrive Gap,DE,u1j85cw06upe,Vorm Seifen 15,57647,Nistertal,Customer
customer/c-391,Garcon ACRE,DE,u1j9pz1nsess,Breitenbachsfeld 15,57234,Obersdorf,Customer
customer/c-392,Toss Dine,DE,u1j8yjsexpvh,Emilienstraße 2,57290,Zeppenfeld,Customer
customer/c-393,Shift Fixed,DE,u1n1b4ery5k4,Königsberger Straße 18,57334,Puderbach,Customer
customer/c-394,Swamp Giddy,DE,u1jcv26fdgfd,Im Kalterbach 10,57334,Feudingen,Customer
customer/c-395,Thread Mast,DE,u0vzgmhqupg1,Herrenpferchstraße 31,35753,Beilstein,Customer
customer/c-396,Grooves Wild,DE,u1j9bd3my8xs,Heidberger Straße 1,51580,Nosbach,Customer
customer/c-397,Her TINT,DE,u1jdp1xs26ut,Winterbachstraße 48,57271,Müsen,Customer
customer/c-398,Genuine Central,DE,u1j9uu5utmry,Im Neuen Feld 6,57223,Osthelden,Customer
customer/c-399,Prospect Industry,DE,u1j3ws1guxbf,Hüttenwiese 3,51580,Dreslingen,Customer
customer/c-400,Jeff Wish,DE,u1j2ps0wx8u6,Gartenweg 2,57614,Wahlrod,Customer
customer/c-401,Manifold Bamboo,DE,u0vzusvpz6np,Waldhof 1,35753,Holzhausen,Customer
customer/c-402,Lucky Salient,DE,u0vz6krx7uq5,Reichenborner Straße 1a,35799,Barig-Selbenhausen,Customer
customer/c-403,Monarch Creation,DE,u1jcmcn0vexz,Milanweg 14,35716,Mandeln,Customer
customer/c-404,Driver Ferguson,DE,u1j9bcuv7xpt,Grunewalder Straße 1,51580,Nosbach,Customer
customer/c-405,Giddy Alterations,DE,u1wbcp5xvxrx,Bassenfleth 1,21723,Hollern-Twielenfleth,Customer
customer/c-406,Ascend Straw,DE,u1rr8tgcj6dx,Am Schöpfwerk 4,21423,Laßrönne,Customer
customer/c-407,Regent DIY,DE,u1qyg1xrm8f4,Moorweg 58 A,21255,Königsmoor,Customer
customer/c-408,Solutions Curiosities,DE,u1x2jurcz8ku,Brückenstraße 14,21527,Kollow,Customer
customer/c-409,Century Roots,DE,u1rpd4z8hxx7,Bendestorfer Straße 4,21224,Klecken,Customer
customer/c-410,Sarah Fillmore,DE,u1rrgumwqyzw,Elbuferstraße 98,21436,Niedermarschacht,Customer
customer/c-411,Express Alarm,DE,u1rqwrq89j49,Am Walde 25,21403,Wendisch Evern,Customer
customer/c-412,Proviso FRAME,DE,u1rpg8nt6373,Karoxbosteler Chaussee 51,21218,Karoxbostel,Customer
customer/c-413,Fixed Canvas,DE,u1rr5uxh3fr4,Rathmann-Cohrs-Straße 9,21357,Bardowick,Customer
customer/c-414,Adjust Base,DE,u1x3vj3vhf9r,Rehkoppel 22,23843,Klein Boden,Customer
customer/c-415,Journey Garcon,DE,u1x3kdmd181x,Sprenger Weg 3,22952,Lütjensee,Customer
customer/c-416,Church Alpha,DE,u1wctr3tnv0t,Dorfstraße 12,25337,Seeth,Customer
customer/c-417,Staples Task,DE,u1x2q0s2nrwr,Am Genesungsheim 9,21493,Kollow,Customer
customer/c-418,Bridge Curiosities,DE,u1qzh656p0vu,Tannengrund 2 A,21255,Wistedt,Customer
customer/c-419,Populous BRIDGE,DE,u1rpvwsp87dz,Overdamm 49a,21217,Over,Customer
customer/c-420,Mission Base,DE,u1x2j495gzn4,Hinter den Höfen 3,21502,Hamwarde,Customer
customer/c-421,School Streak,DE,u1wbmq5pkdsg,Klein Hove 26,21635,Hove,Customer
customer/c-422,Fig Revolver,DE,u1rrdhqf79ef,Hundener Straße 13,21423,Hunden,Customer
customer/c-423,Assembly SEE,DE,u1x24jfezubv,Hamfelderedder 20,21039,Börnsen,Customer
customer/c-424,Bait Rev,DE,u1qzp240r7fs,Bunnenbergweg 16,21256,Höckel,Customer
customer/c-425,Cherish school,DE,u1x36rvs07hg,Ahrensburger Straße 3,22941,Hammoor,Customer
customer/c-426,Beekeeper Staples,DE,u1rrjew45ksh,Hermann-Niemann-Straße 3,21365,Adendorf,Customer
customer/c-427,Focus Kazan,DE,u1rr5ksqhcuh,Radbrucher Weg 1,21360,Vögelsen,Customer
customer/c-428,Nothing Mortar,DE,u1wcth1999xm,Liether Moor 17,25336,Klein Nordende,Customer
customer/c-429,Fine RAMS,DE,u1x25t2efwpf,Fahrendorfer Dorfstraße 2,21039,Fahrendorf,Customer
customer/c-430,Harvest Effigy,DE,u1x264edr8dr,Waldweg 10,21039,Börnsen,Customer
customer/c-431,Tempest Knot,DE,u1rpw6189px6,Neißestraße 16,21435,Büllhorn,Customer
customer/c-432,Set Hope,DE,u1rre5847j0n,Zum hohen Wichel 13,21436,Oldershausen,Customer
customer/c-433,Hughes Paint,DE,u1rqgm91xn2z,Kantstraße 17A,21391,Reppenstedt,Customer
customer/c-434,Cream Provision,DE,u1wczx3jf89f,Hoffnunger Chaussee 46,25355,Heede,Customer
customer/c-435,Hunted Travelers,DE,u1rrjk1wr3tm,Dorfstraße 6,21365,Adendorf,Customer
customer/c-436,Fresh Earnest,DE,u1rrc64zyezp,Kiebitzende 14,21423,Drennhausen,Customer
customer/c-437,Otto SALT,DE,u1qzy82cpg40,An der Tränke 9,21629,Rade,Customer
customer/c-438,Blow Candles,DE,u1x19bp1gquz,Dorfstraße 73,25474,Hasloh,Customer
customer/c-439,Breathe Access,DE,u1x0j3ph8v1d,Oversand 34,21217,Bullenhausen,Customer
customer/c-440,Owners Knoll,DE,u1rp34cd7suc,Lüneburger Straße 20,21244,Reindorf,Customer
customer/c-441,Shift Wonderful,DE,u1wcfpx96tq3,Bekenreihe 15,25368,Kiebitzreihe,Customer
customer/c-442,Monarch True,DE,u1qyy6zrwcc0,Hassel 1,21261,Kampen,Customer
customer/c-443,Nelson Cosmopolitan,DE,u1x2k1vm9v5r,Hauskoppel 11,21521,Dassendorf,Customer
customer/c-444,Stuffed Blur,DE,u1x11j8frety,Waldhofstraße 2,25474,Ellerbek,Customer
customer/c-445,Focus Ancestry,DE,u1wcuprw307k,Zur Heide 3,25365,Klein Offenseth-Sparrieshoop,Customer
customer/c-446,Multitudes state,DE,u1wbw5w3ers6,Hinterbrack 5b,21635,Jork,Customer
customer/c-447,Blow Gladly,DE,u1wc9de1m0bn,Mühlendeich 24,25371,Seestermühe,Customer
customer/c-448,Dine HIVE,DE,u1rrhqn60n47,Pieperstraße 12,21357,Bardowick,Customer
customer/c-449,Park SO,DE,u1x4p2qen16s,Lundener Weg 2,23845,Itzstedt,Customer
customer/c-450,Eats Empower,DE,u1x2ct50mrf4,Zum Leuchtturm 16,22946,Langelohe,Customer
customer/c-451,Coincident Lookout,DE,u1qznvb43u93,Auf der Horst Süd 28,21255,Kakenstorf,Customer
customer/c-452,So Automatic,DE,u1rpvybzdjxv,Alter Elbdeich 164,21217,Over,Customer
customer/c-453,Phantom Affinity,DE,u1rr4g73v10j,Im Kirchfelde 6,21358,Mechtersen,Customer
customer/c-454,Kiss STARS,DE,u1wcy81fm458,Bentkrögener Straße 4,25355,Bevern,Customer
customer/c-455,Whirlwind recourse,DE,u1rrgggu2mwq,Birkenallee 5,21436,Niedermarschacht,Customer
customer/c-456,Blur Pulse,DE,u1x2y60hu3jx,Auf dem Gut 3,21493,Basthorst,Customer
customer/c-457,Scoop Civic,DE,u1x1b4ekfzfc,Dorfstraße 49,25485,Hemdingen,Customer
customer/c-458,Golden Cosmopolitan,DE,u1rpygd7zgp3,Kreuzdeich 1,21435,Fliegenberg,Customer
customer/c-459,Hospital Face,DE,u1wcsd7h4gmg,Heideweg 19,25336,Klein Nordende,Customer
customer/c-460,George Teeth,DE,u1rrt3f0m24h,Kötnerberg 14,21395,Bütlingen,Customer
customer/c-461,Base Remind,DE,u1qyg57n5f95,Mittelweg 4,21255,Königsmoor,Customer
customer/c-462,Shared GROOM,DE,u1rrhmhruv1t,Am Entenmoor 27,21357,Bardowick,Customer
customer/c-463,Emilie OMG,DE,u1x1bk0ck1g1,In der Heide 2,25485,Hemdingen,Customer
customer/c-464,Distractions Genuine,DE,u1qzn56peq7m,Lohberger Straße 140,21255,Langeloh,Customer
customer/c-465,Madame Vive,DE,u1x2n8ssk1dc,Meiereistraße 5a,21483,Gülzow,Customer
customer/c-466,Affinity Cabin,DE,u1rnz12bw3r9,Kampweg 1,21376,Oelstorf,Customer
customer/c-467,Punch Travelers,DE,u1rpn8883rv3,Auf der Höhe 21,21442,Toppenstedt,Customer
customer/c-468,Kfc Tout,DE,u1rrq416n6p9,An der Bennerstedt 69,21382,Brietlingen-Moorburg,Customer
customer/c-469,Distribute Lodges,DE,u1x3fp39d70v,Bestestraße 28,23843,Neritz,Customer
customer/c-470,Branch Lifted,DE,u1wcfbze40kr,Altendeich 5,25335,Besenbek,Customer
customer/c-471,Groom MELT,DE,u1wb6dpd5px2,An der Bahn 8,21640,Nottensdorf,Customer
customer/c-472,Vive Madison,DE,u1x2628k0cus,Frachtweg 30,21039,Börnsen,Customer
customer/c-473,Stimulant Capitol,DE,u1rpjmy2qu81,Wiehweg 21,21442,Tangendorf,Customer
customer/c-474,Engine Knot,DE,u1rpn2qe1fmx,Ohweg 14,21442,Toppenstedt,Customer
customer/c-475,Madison dress,DE,u1rptzn7gycp,Uhlenhorst 48a,21435,Stelle,Customer
customer/c-476,Canopy Hunted,DE,u1rp2fq2nhgk,Am Krützbarg 16,21244,Reindorf,Customer
customer/c-477,Fichu Vagabond,DE,u1wbkn2xdc8n,Westerladekoper Minnerweg 3,21635,Ladekop,Customer
customer/c-478,Magnetic Static,DE,u1rpjxn3m3zw,Westerberg 8,21442,Tangendorf,Customer
customer/c-479,House Ghosts,DE,u1rqgtbs39fu,Dachtmisser Straße 16,21391,Reppenstedt,Customer
customer/c-480,Salt Trinity,DE,u1x127jufxu3,Jacob-Behrmann-Weg 2a,25499,Tangstedt,Customer
customer/c-481,Salient Robin,DE,u1x2bnr9n0b9,Stormanring 20,22145,Stapelfeld,Customer
customer/c-482,Phantom Gladly,DE,u1rr2hgpy85w,Winsener Landstraße 51,21423,Luhdorf,Customer
customer/c-483,Bolt Bolt,DE,u1rpwu2wepsf,Lüneburger Straße 1a,21435,Achterdeich,Customer
customer/c-484,Certain Hughes,DE,u1x0x4m7nuph,Am Eich 11,22113,Oststeinbek,Customer
customer/c-485,Hue Marquette,DE,u1qzdt6gr3kh,Schulgrund 12,21644,Sauensiek,Customer
customer/c-486,Envoy FRAME,DE,u1wb1z7pdgsz,Dohrenstraße 22,21640,Bliedersdorf,Customer
customer/c-487,Hive Method,DE,u1x13y74dz2u,Achtern Knick 18,25474,Hasloh,Customer
customer/c-488,Sens Strut,DE,u1wce6k8xeum,Sandweg 138,25336,Klein Nordende,Customer
customer/c-489,Frances Anatomy,DE,u1qzt5d5vdxe,Moisburger Straße 9,21279,Hollenstedt,Customer
customer/c-490,Fame Greetings,DE,u1rpfcy3fjq0,Winkelweg 24,21218,Emmelndorf,Customer
customer/c-491,Fowler Chariot,DE,u1wcwhnj8du1,Barmstedter Straße 3d,25373,Ellerhoop,Customer
customer/c-492,Set Alpha,DE,u1rpuh15wtup,Am Grasweg 21,21217,Meckelfeld,Customer
customer/c-493,Mine DISH,DE,u1rpqgv0b1es,Allernweg 16,21423,Pattensen,Customer
customer/c-494,Landau Warehouse,DE,u1rnzhecyw98,Hohe Heide 16,21376,Salzhausen,Customer
customer/c-495,Wing CANOPY,DE,u1rpw6jj1uyq,Hermann-Löns-Weg 6,21435,Ashausen,Customer
customer/c-496,Driver Trinity,DE,u1rpvuev9e3s,Wuhlenburg 26,21435,Klein-Rosenweide,Customer
customer/c-497,Copyright Static,DE,u1wbgzyxtesp,Schmidt-Isserstedt-Weg 10,25488,Holm,Customer
customer/c-498,Greetings Artery,DE,u1qzp0qwh1vp,Feldner Allee 13,21256,Höckel,Customer
customer/c-499,Wish Chariot,DE,u1rpn05xjj16,Hauptstraße 21,21442,Toppenstedt,Customer
customer/c-500,Cream ACRE,DE,u1wbnzmbfdhy,Berlepschkamp 14B,21629,Neu Wulmstorf,Customer

